maximize_value,long_ma_len,short_ma_len,std_dev_mult,pl_len_0,pl_len_1,pl_len_2,pl_len_3,pl_perc_0,pl_perc_1,pl_perc_2,pl_perc_3,pl_perc_mean_test
0.1043824711298949,180.0,95.0,2.75,182.0,109.0,126.0,183.0,0.1043824711298949,0.1327252893227537,0.1659323270498466,0.1513931148094986,0.24488375009921334
0.0896630979353935,170.0,95.0,2.75,170.0,98.0,111.0,165.0,0.0896630979353935,0.1236970176075315,0.2026493760600655,0.1472933246913887,0.3221792070090348
0.0792460546361965,200.0,95.0,2.75,220.0,139.0,159.0,218.0,0.0850469591047298,0.157753531954446,0.0792460546361965,0.1490408587510047,0.21160655213267512
0.0564923230553963,160.0,95.0,2.0,317.0,234.0,246.0,320.0,0.0564923230553963,0.093719688264104,0.1180034628398951,0.0594086049934145,0.12371069837751163
0.0490165846778947,190.0,95.0,2.75,201.0,121.0,144.0,200.0,0.1131798172678435,0.158607102468013,0.0490165846778947,0.1550995340464527,0.21636943563894034
0.0469434604579019,170.0,95.0,2.5,208.0,143.0,148.0,218.0,0.1148919577189387,0.0469434604579019,0.1761944432085573,0.0498750943175737,0.25098540511371176
0.0439928662034395,110.0,85.0,2.75,88.0,47.0,39.0,89.0,0.0920445925822036,0.1383837267678203,0.5232405128989523,0.0439928662034395,0.20427841412532619
0.0433362060329346,170.0,85.0,2.75,231.0,150.0,163.0,226.0,0.0486289512398926,0.0834391070064805,0.069589480454278,0.0433362060329346,0.20588384147196248
0.0425952712630933,180.0,90.0,2.5,258.0,174.0,202.0,273.0,0.1038582702047723,0.0837711618047751,0.060033648019895,0.0425952712630933,0.11665394520613494
0.0416487977581664,180.0,85.0,2.75,245.0,159.0,184.0,247.0,0.0841772646272208,0.0952808823012369,0.0416487977581664,0.0417000410269156,0.16315771166099047
0.0403510009041598,170.0,90.0,2.75,192.0,116.0,137.0,193.0,0.0719628960628334,0.094821452362686,0.0403510009041598,0.0885612372296239,0.20703078467018377
0.0381104835398056,160.0,95.0,2.5,178.0,123.0,123.0,191.0,0.0524055570042063,0.0381104835398056,0.1745244033691902,0.1079361357644564,0.2323330595732996
0.0369086413841435,160.0,90.0,2.75,165.0,103.0,113.0,168.0,0.0369086413841435,0.1054940215963477,0.1013272898422041,0.138154911018882,0.14021960482652285
0.032765034597182,160.0,90.0,2.5,205.0,143.0,154.0,222.0,0.0646984527171976,0.032765034597182,0.0795703875817035,0.0684302880441316,0.10656077052233905
0.03185060983339,160.0,95.0,2.25,224.0,162.0,168.0,236.0,0.1220508852831917,0.03185060983339,0.2024275726698854,0.0549898173669324,0.16870016698150686
0.0297779027433467,170.0,90.0,2.5,238.0,164.0,178.0,252.0,0.0928069194611989,0.0539349292140275,0.0836755147394979,0.0297779027433467,0.1481551471007874
0.0296790279299153,150.0,95.0,2.0,276.0,190.0,197.0,284.0,0.0296790279299153,0.0311771724163719,0.1161494933033972,0.0520490985665579,0.14368827466248132
0.0250963816981121,160.0,95.0,2.75,145.0,87.0,92.0,142.0,0.0250963816981121,0.1512374551823242,0.2404663009838242,0.2041634685561256,0.3075033945716202
0.0240639321415262,200.0,95.0,2.5,271.0,192.0,204.0,274.0,0.1082926263977666,0.1334502526623743,0.0240639321415262,0.0300637462904159,0.17926069289014274
0.0231296561754898,110.0,85.0,2.25,146.0,85.0,76.0,134.0,0.0231296561754898,0.1048509747691036,0.2953255810354681,0.0266864001416337,0.1490775990645208
0.0230480769366227,120.0,95.0,2.0,163.0,88.0,85.0,148.0,0.0459450248961403,0.0513776361535931,0.1034471315954001,0.0230480769366227,0.10919008311126524
0.0229122912408894,150.0,90.0,2.75,145.0,87.0,91.0,149.0,0.0229122912408894,0.0681300071089488,0.1601071699954829,0.0718330300469532,0.12452041585498573
0.0225277872931287,110.0,90.0,2.0,158.0,88.0,91.0,142.0,0.0888769746291858,0.0710288365593789,0.2414246377414581,0.0225277872931287,0.10514200031714088
0.0223551288963925,110.0,85.0,2.0,201.0,120.0,121.0,179.0,0.0223551288963925,0.0915208598949982,0.1675641635329016,0.0280095213170007,0.11245948309629963
0.0194361585836296,210.0,95.0,2.75,231.0,152.0,172.0,237.0,0.0869623590674388,0.1681762678055911,0.0194361585836296,0.1738860969219282,0.17642446422340433
0.0185442349821871,110.0,95.0,2.0,134.0,73.0,69.0,118.0,0.0592043334847436,0.0274275388935035,0.1109702809854347,0.0185442349821871,0.10026263241900411
0.0185089480865654,110.0,80.0,2.75,116.0,58.0,58.0,103.0,0.030713753612913,0.0742373724504326,0.4647602694591562,0.0185089480865654,0.21633385550834913
0.0180265374142066,200.0,90.0,2.5,298.0,216.0,235.0,306.0,0.1106480665374976,0.1475845025625924,0.0483730583537704,0.0180265374142066,0.123104256663358
0.017558672737354,140.0,90.0,2.75,128.0,73.0,72.0,128.0,0.0559158812390009,0.0812744924655744,0.1231961282969524,0.017558672737354,0.09431427438368453
0.0175571789917559,170.0,95.0,2.25,265.0,188.0,199.0,264.0,0.1161970908756321,0.0833388492537984,0.0933620454779421,0.0175571789917559,0.17598973317412395
0.0160433438864376,120.0,80.0,2.75,136.0,71.0,79.0,132.0,0.0412954448732034,0.0160433438864376,0.2017854556335179,0.0236469403630743,0.225134755524307
0.0158131462495775,180.0,95.0,2.5,225.0,153.0,170.0,243.0,0.1241225943954221,0.0730617780975787,0.0158131462495775,0.0548687500872515,0.1965671905873201
0.0144091757911222,170.0,80.0,2.75,266.0,180.0,193.0,262.0,0.0144091757911222,0.1258452237338732,0.038365829351044,0.0552436594414769,0.22391013974261792
0.0138130554431268,180.0,70.0,2.75,345.0,271.0,309.0,367.0,0.0138130554431268,0.106065086701585,0.0881930486409286,0.0168385464971207,0.14956066704196494
0.0136173936381293,210.0,50.0,2.75,644.0,562.0,600.0,692.0,0.0244118003467245,0.2364528208292548,0.0419521647152276,0.0136173936381293,0.0179885071291223
0.0131470331980726,110.0,85.0,2.5,112.0,57.0,59.0,105.0,0.0183203695214931,0.0840555377559648,0.4007704371584601,0.0131470331980726,0.15588916188317967
0.0124111173337738,150.0,95.0,2.75,127.0,76.0,75.0,121.0,0.0124111173337738,0.1145664180017044,0.2851076535689502,0.1272455534724678,0.2509864018873925
0.0111134614768216,170.0,95.0,2.0,359.0,267.0,288.0,353.0,0.0620787308840949,0.1470138511849021,0.0111134614768216,0.0435000587392642,0.14049970963784703
0.0110462020373779,220.0,50.0,2.75,662.0,572.0,614.0,704.0,0.0263825283760274,0.2337027842177135,0.0281838983537373,0.0110462020373779,0.024356120173480343
0.0106550839327963,160.0,85.0,2.75,206.0,135.0,138.0,200.0,0.0106550839327963,0.0645762622085224,0.1059080512057409,0.0876736180132485,0.15595033323206436
0.0105402831517924,240.0,50.0,2.75,689.0,591.0,634.0,725.0,0.0419919536055297,0.2053447460425995,0.0140995713935228,0.0105402831517924,0.013445474594491521
0.0102732413788454,200.0,50.0,2.75,627.0,552.0,590.0,672.0,0.0102732413788454,0.2293080590351933,0.0434354164829788,0.0105452091719392,0.02434385396964775
0.0100588191727658,110.0,90.0,2.5,84.0,49.0,41.0,90.0,0.1039121985073849,0.0721637819920837,0.4712989719735914,0.0100588191727658,0.06295836571673306
0.0093510780261747,160.0,70.0,2.75,310.0,243.0,265.0,331.0,0.0093510780261747,0.0775932003143598,0.0965755696069347,0.032553913244026,0.13273634322587533
0.0089289781255657,170.0,70.0,2.75,333.0,262.0,284.0,350.0,0.0089289781255657,0.0948724839570103,0.0801528697820071,0.0162380465097773,0.1665565673483348
0.0080283516531943,210.0,70.0,2.75,403.0,319.0,353.0,418.0,0.0384042746105618,0.1242376217430937,0.046618194539016,0.0080283516531943,0.1445205295525721
0.0072926586825698,190.0,90.0,2.5,280.0,198.0,219.0,290.0,0.1416955135851646,0.1434005786753133,0.0072926586825698,0.0264937128825818,0.11904463859546716
0.0070409673067323,190.0,50.0,2.75,614.0,539.0,574.0,661.0,0.0070409673067323,0.2290085094279976,0.0397454841008406,0.008986801559368,0.018027544449510356
0.0062090100605623,160.0,80.0,2.75,244.0,160.0,171.0,240.0,0.0062090100605623,0.0931444732518467,0.0477604277864285,0.0784853974872023,0.17934289196512285
0.0052927289359963,120.0,75.0,2.75,168.0,92.0,102.0,164.0,0.0052927289359963,0.1043991262709028,0.1207330205458693,0.0081221479028571,0.1979210772732057
0.0047653889703808,120.0,70.0,2.75,200.0,127.0,145.0,200.0,0.0079972115792571,0.022091291920905,0.1675127330031983,0.0047653889703808,0.17335303417694498
0.0027669222711181,220.0,70.0,2.75,417.0,329.0,370.0,429.0,0.0481314846606123,0.1243099446127288,0.0027669222711181,0.0066236968425233,0.15978290485992563
0.0011612233854038,230.0,50.0,2.75,681.0,579.0,622.0,711.0,0.0389588478972083,0.2145457758273672,0.0245328637517425,0.0011612233854038,0.01552690002783698
0.0009416479026737,160.0,90.0,2.25,266.0,188.0,216.0,286.0,0.0294846151499738,0.0009416479026737,0.110700217681044,0.007295237684561,0.1485636766425783
0.0003593843284851,210.0,60.0,2.75,513.0,418.0,462.0,524.0,0.053977031375033,0.2391993152979836,0.0413843394313251,0.0003593843284851,0.07413166335929912
0.0002751610312238,170.0,85.0,2.5,282.0,198.0,215.0,280.0,0.031934815018124,0.0387216235367061,0.0002751610312238,0.0162128262366546,0.16191059187136658
0.0001084603779356,160.0,85.0,2.5,254.0,178.0,187.0,257.0,0.0215724763661062,0.0001084603779356,0.0066735332750484,0.0396477864693038,0.13695921760189025
-0.0004740677221233,130.0,70.0,2.75,237.0,164.0,178.0,243.0,0.0260758350491967,0.042601847420017,0.1199738906949241,-0.0004740677221233,0.16833871384121432
-0.0006773753456923,190.0,90.0,2.0,471.0,392.0,404.0,462.0,0.0209563203155116,0.1348386416151822,-0.0006773753456923,0.0145327247578707,0.08493939726106717
-0.001102931452961,160.0,90.0,2.0,369.0,288.0,299.0,378.0,-0.001102931452961,0.0671399502852912,0.1202755695474838,0.0371320621847191,0.12857656614584717
-0.0012351085018186,190.0,70.0,2.75,369.0,293.0,324.0,380.0,0.0217636480213392,0.1120892353955765,0.056933890711008,-0.0012351085018186,0.15071208134778144
-0.0015656974243677,120.0,85.0,2.75,114.0,58.0,55.0,107.0,0.0930015442918588,0.0269905284494016,0.378404741801417,-0.0015656974243677,0.16001242417293884
-0.001814830420776,210.0,90.0,2.5,307.0,233.0,255.0,332.0,0.1130479534240226,0.1536664376819579,-0.001814830420776,0.043225365435961,0.10913886185152667
-0.0018343561059934,160.0,50.0,2.75,563.0,495.0,513.0,607.0,0.0091193426684277,0.2182852257936723,0.0343528195299528,-0.0018343561059934,0.009894628091362826
-0.0019181499514994,180.0,95.0,2.0,386.0,305.0,321.0,382.0,0.0509263432197976,0.1350141810730951,-0.0019181499514994,0.022282992087736,0.11009616950186593
-0.0025114487624061,200.0,70.0,2.75,389.0,313.0,336.0,396.0,0.0231046186243445,0.1126602225053407,0.0717235437717788,-0.0025114487624061,0.15850049621764295
-0.0032481121396317,170.0,50.0,2.75,579.0,509.0,529.0,625.0,-0.0026779438020402,0.2261188479467392,0.0314503784745178,-0.0032481121396317,-0.0031427054362488864
-0.0035448193408959,120.0,80.0,2.5,166.0,92.0,108.0,169.0,-0.0018837267272426,0.0079965688417203,0.0455069564099423,-0.0035448193408959,0.18957992850733132
-0.0047291011774183,220.0,60.0,2.75,526.0,432.0,473.0,536.0,0.0528271673225937,0.2382092577252298,0.0060012754035036,-0.0047291011774183,0.08408075049128003
-0.005269435531456,270.0,50.0,2.75,716.0,632.0,670.0,749.0,0.0517548585394916,0.2156589835600819,-0.005269435531456,0.0223317983724813,0.0010080555414458008
-0.0057581697793868,260.0,50.0,2.75,708.0,621.0,661.0,739.0,0.0436887343239963,0.2108262335729945,-0.0057581697793868,0.0215709143714767,0.0015987503750962532
-0.0060620950494247,250.0,50.0,2.75,698.0,607.0,646.0,735.0,0.0434018045815677,0.1983942292730978,-0.0060620950494247,0.0167526992302605,0.011281974585040908
-0.0064623035824947,150.0,70.0,2.75,288.0,223.0,238.0,308.0,-0.0064623035824947,0.0170155340207511,0.0958560228455147,-0.0056838498964421,0.1727918892821304
-0.0066933579674732,100.0,75.0,2.75,108.0,53.0,55.0,102.0,0.1493391700680691,0.1792965939447291,0.2926803720965563,-0.0066933579674732,0.14186955403571497
-0.0068368453719423,230.0,70.0,2.75,438.0,339.0,380.0,446.0,0.0616598491668869,0.1059036260965532,-0.0068368453719423,0.0036077469800134,0.1280346464670356
-0.0069343347756752,240.0,65.0,2.75,496.0,405.0,439.0,518.0,0.0711952234611415,0.1632178556157465,-0.0015103381815125,-0.0069343347756752,0.08957030060390052
-0.0070330622971586,130.0,75.0,2.75,202.0,131.0,129.0,203.0,0.01504804514543,0.1067904575582665,-0.0069148530501495,-0.0070330622971586,0.16481256085940316
-0.0070387918792721,290.0,50.0,2.75,733.0,649.0,685.0,766.0,0.0572498663199558,0.2208079519628042,-0.0070387918792721,0.0330420233727295,-0.011068025855349982
-0.0071797861678928,130.0,80.0,2.75,169.0,99.0,102.0,161.0,0.0654377983374714,-0.0062635910264489,0.1206161371867034,-0.0071797861678928,0.18134794632747814
-0.0072621856649299,150.0,85.0,2.75,181.0,118.0,112.0,181.0,-0.0072621856649299,0.0071779891784017,0.1720916325022651,0.0311068328499385,0.18273993918325346
-0.0075617762282895,170.0,90.0,2.0,410.0,324.0,340.0,409.0,-0.0075617762282895,0.1072089437909804,0.0444774030006323,0.0309069315840878,0.1089950040312784
-0.0081252182866075,150.0,75.0,2.75,258.0,182.0,185.0,267.0,-0.0065845886265152,0.1138458818192881,-0.0081252182866075,0.0145203216016118,0.18466879972545128
-0.0081352715696235,120.0,90.0,2.5,111.0,56.0,56.0,108.0,0.1125524849255979,0.0356936710749185,0.3251455641095233,-0.0081352715696235,0.033835660875376955
-0.0082554296399085,130.0,75.0,2.5,253.0,174.0,187.0,265.0,5.91655282743177e-05,0.0795223824394274,0.1093317991878189,-0.0082554296399085,0.14644617706452173
-0.0089655790612463,110.0,75.0,2.75,137.0,76.0,80.0,128.0,0.0072213392794285,0.1249294931200436,0.2520495661607034,-0.0089655790612463,0.17433164121325212
-0.0094272574948928,200.0,90.0,2.25,382.0,296.0,313.0,379.0,0.0800833659552559,0.1651698972973799,-0.0094272574948928,-0.0043286230217742,0.12405573559772898
-0.0095048080674181,150.0,80.0,2.75,219.0,139.0,147.0,221.0,-0.0095048080674181,0.0176884056705117,0.0971091380224822,0.0437550947229205,0.20401592329054094
-0.0095456663208739,150.0,50.0,2.75,546.0,464.0,492.0,583.0,0.0084858427559958,0.2046285295197624,0.0297700532759332,-0.0095456663208739,0.039323704560085625
-0.0095757095653644,180.0,95.0,2.25,284.0,209.0,223.0,292.0,0.1197695268185363,0.1246463750224783,-0.0073684631217915,-0.0095757095653644,0.1373869085751248
-0.0103399932019337,180.0,50.0,2.75,591.0,520.0,559.0,648.0,-0.0103399932019337,0.2171044527641517,0.0368469234001787,-0.0022427101549069,-0.0006713815835737606
-0.0104526184044007,210.0,65.0,2.75,454.0,364.0,407.0,479.0,0.0769009317893828,0.1896455626729742,0.0504844784375996,-0.0104526184044007,0.10971441210103959
-0.0107106516973578,280.0,50.0,2.75,728.0,645.0,676.0,762.0,0.0580189525649408,0.2118916104092983,-0.0107106516973578,0.0291799558220056,-0.008774013860571361
-0.0107271767056637,180.0,90.0,2.0,437.0,367.0,371.0,435.0,-0.0107271767056637,0.1074534800358137,0.0465814180603594,0.0133863519094003,0.08613784429875387
-0.0107880572761223,120.0,50.0,2.75,470.0,373.0,398.0,481.0,0.0131137297122725,0.1716612139716552,0.0133197213068434,-0.0107880572761223,0.0575340745944075
-0.0113872705181759,200.0,85.0,2.75,283.0,192.0,212.0,273.0,0.0750728996574999,0.1278732946331933,-0.0113872705181759,0.0444994867367913,0.15481696255214175
-0.0121959809389893,150.0,75.0,2.5,310.0,241.0,258.0,344.0,-0.0111535122661293,0.0527985239936696,-0.0059190721485107,-0.0121959809389893,0.15536816290923283
-0.0129711049291806,130.0,50.0,2.75,501.0,409.0,443.0,529.0,0.0179828575879167,0.1825533771813683,0.0252818930891234,-0.0129711049291806,0.04958757494650606
-0.013646696245356,170.0,90.0,2.25,308.0,216.0,246.0,312.0,0.0308103196917391,0.0690551730295831,0.027367453656891,-0.013646696245356,0.156179607259681
-0.0138319028612059,200.0,60.0,2.75,503.0,405.0,444.0,509.0,0.0472689469799305,0.2254258654592474,0.0458609326958483,-0.0138319028612059,0.07341492178102436
-0.0142524439225118,230.0,65.0,2.75,488.0,393.0,426.0,510.0,0.0863582461865282,0.1669507329563691,0.014535537758005,-0.0142524439225118,0.09325597641633693
-0.0142763790220024,290.0,50.0,2.0,1273.0,1160.0,1200.0,1268.0,0.035503564457819,0.1396915311138363,-0.0142763790220024,-0.0125014114889395,0.001116299966291158
-0.0144878124340421,200.0,90.0,2.0,496.0,412.0,421.0,474.0,0.0274035130002095,0.1684558710325749,-0.0144878124340421,0.0147605126216639,0.08066152561899942
-0.014676457580134,220.0,65.0,2.75,466.0,382.0,419.0,494.0,0.0781084734018244,0.1902361720115871,0.0198995349440074,-0.014676457580134,0.1231470135199288
-0.0149026733223675,250.0,65.0,2.75,509.0,416.0,453.0,527.0,0.078535598296221,0.1678001825499595,-0.0149026733223675,0.0007618707128824,0.0814259464802511
-0.0149565901114585,160.0,60.0,2.75,436.0,343.0,378.0,434.0,0.0189186121011306,0.2146955174637695,0.0157373252395402,-0.0149565901114585,0.06541678973971256
-0.0149908283655019,210.0,50.0,2.5,782.0,716.0,736.0,817.0,0.0645462382984687,0.2175979408085444,-0.0149908283655019,-0.0093442757438121,0.003928530740025145
-0.0152117367429402,200.0,50.0,2.5,761.0,706.0,728.0,798.0,0.0522292094065228,0.2082531415011584,-0.0113716745667333,-0.0152117367429402,0.010243973524452266
-0.0153975860475126,120.0,90.0,2.0,201.0,120.0,123.0,188.0,-0.0153975860475126,0.00897695490317,0.1433656534602568,0.0161711889382277,0.10993233329560702
-0.0155990863738979,140.0,50.0,2.75,527.0,439.0,463.0,568.0,0.0107142664970871,0.1810090877202095,0.0249167738500869,-0.0155990863738979,0.04198373672563787
-0.015756568325206,230.0,60.0,2.75,545.0,441.0,480.0,548.0,0.0642417869331769,0.2114329881837007,-0.015756568325206,-0.0049807439207239,0.05734995646734575
-0.016709156875374,110.0,70.0,2.75,165.0,103.0,109.0,163.0,0.0430310996551094,0.0495533685031489,0.2293856502581447,-0.016709156875374,0.16208075344352232
-0.0173661136711826,280.0,50.0,2.0,1265.0,1162.0,1187.0,1266.0,0.0347414694703288,0.147083790380534,-0.0148996604596266,-0.0173661136711826,0.003842644006814334
-0.0174225786486402,200.0,85.0,2.5,345.0,258.0,277.0,345.0,0.039600338256018,0.106943387376971,-0.0174225786486402,0.0175847211792591,0.14103383068765227
-0.0174824317492966,190.0,60.0,2.75,485.0,385.0,428.0,495.0,0.0343876386675426,0.2229716774260064,0.0351752958058923,-0.0174824317492966,0.06599966609454358
-0.0176226315231531,180.0,90.0,2.25,330.0,244.0,275.0,344.0,0.0443138429918588,0.1031609046529834,3.436473295492579e-05,-0.0176226315231531,0.13072089373190968
-0.0177112862815909,190.0,50.0,2.5,745.0,688.0,711.0,783.0,0.0533722578309995,0.2150062693949851,-0.0169857658583147,-0.0177112862815909,0.008578848648454995
-0.0185681307193158,160.0,50.0,2.5,704.0,649.0,642.0,728.0,0.0391609513862695,0.2144456835344515,-0.0021233031028327,-0.0185681307193158,0.019732606852807526
-0.0187119541326818,100.0,70.0,2.75,129.0,74.0,84.0,133.0,0.0909296948165779,-0.0150934760951644,0.2387405515867863,-0.0187119541326818,0.13078010084546104
-0.0190544019623865,110.0,50.0,2.75,424.0,347.0,358.0,432.0,0.0311363921741407,0.2016246705941589,0.057057166100674,-0.0190544019623865,0.029011759061869962
-0.0196149008433218,180.0,65.0,2.75,402.0,318.0,357.0,430.0,0.0663934854535598,0.1741193920441953,0.0872420518312834,-0.0196149008433218,0.11059473871961704
-0.0197183192597638,260.0,65.0,2.75,519.0,426.0,469.0,536.0,0.0725787741222269,0.1895351875103114,-0.0197183192597638,0.0124119644108569,0.05998595497405791
-0.0199642041120964,180.0,80.0,2.75,279.0,191.0,215.0,282.0,0.0333784867016534,0.127454102855243,-0.0199642041120964,0.0535716362384552,0.1768092912353568
-0.0200080489778423,220.0,55.0,2.0,1044.0,972.0,995.0,1059.0,0.0014008000646617,0.1603956583699157,-0.0108959218259597,-0.0200080489778423,0.008996610157846818
-0.0207445102105618,180.0,85.0,2.5,303.0,211.0,241.0,308.0,0.0273218358199981,0.0600633270454532,-0.0207445102105618,0.0313212253821509,0.13883053907450368
-0.0213014429746128,170.0,50.0,2.0,1099.0,1001.0,1051.0,1127.0,-0.0078666074163714,0.1652828808353992,0.0131416812665364,-0.0213014429746128,0.0048172812888608975
-0.0214755404898931,250.0,55.0,2.0,1095.0,1001.0,1025.0,1107.0,0.0254677567650706,0.156759666238972,-0.0214755404898931,-0.0179127133942333,0.0072394740489818065
-0.0215099959754034,160.0,65.0,2.75,369.0,287.0,317.0,390.0,0.0555262014998787,0.1545637560630719,0.0913549052485406,-0.0215099959754034,0.10922833454315246
-0.0215373018373312,240.0,70.0,2.75,447.0,352.0,394.0,452.0,0.051500284982551,0.1053619324178262,-0.0215373018373312,0.0085844647389714,0.12215640800481384
-0.0215883277763837,270.0,50.0,2.0,1251.0,1146.0,1177.0,1258.0,0.0338193385768863,0.1481107596120075,-0.0101554715088257,-0.0215883277763837,0.007266934459104486
-0.0218122802183583,280.0,55.0,2.75,676.0,565.0,587.0,668.0,0.0890350721603155,0.2418465793724556,-0.0218122802183583,-0.0145540464779669,0.021192499612460104
-0.0218493041265322,180.0,60.0,2.75,464.0,368.0,418.0,480.0,0.0311169431925929,0.2183660772757326,0.037789892607839,-0.0218493041265322,0.06079284575015709
-0.0218564283691234,210.0,70.0,2.5,487.0,429.0,462.0,513.0,0.0670112594973124,0.1474364463201261,-0.0188564802972735,-0.0218564283691234,0.11977898788180046
-0.0220924176698889,230.0,55.0,2.0,1064.0,979.0,1005.0,1076.0,0.0162918005038567,0.1607880135894075,-0.0118195003854236,-0.0220924176698889,0.009016496677784432
-0.0220970334786305,290.0,55.0,2.75,686.0,570.0,599.0,679.0,0.0864243045941765,0.2466244531478734,-0.0220970334786305,-0.0091957931290181,0.018472969902193707
-0.0221163963171837,210.0,55.0,2.0,1035.0,949.0,977.0,1046.0,0.0012148956413507,0.170131411642449,-0.0019198380717723,-0.0221163963171837,0.005986389021746316
-0.022219028589514,200.0,65.0,2.75,445.0,357.0,394.0,464.0,0.0709724313599354,0.1776449778533097,0.0672024972700402,-0.022219028589514,0.12126766293580069
-0.022403461479344,240.0,55.0,2.0,1084.0,992.0,1015.0,1089.0,0.0207616947371879,0.1574038190646312,-0.0159478179776848,-0.022403461479344,0.006097548543128782
-0.0225734906536307,260.0,50.0,2.0,1237.0,1139.0,1169.0,1253.0,0.0309053816827835,0.1551658322132363,-0.0062277237646117,-0.0225734906536307,0.0063902565068985565
-0.0227124210682481,220.0,95.0,2.75,246.0,171.0,191.0,253.0,0.0910309778738366,0.1509150642951376,-0.0227124210682481,0.1736651583033179,0.14896670725148797
-0.023020929470321,270.0,55.0,2.75,666.0,550.0,578.0,656.0,0.0808767173579885,0.239141137089787,-0.0127094098933494,-0.023020929470321,0.03347311996811087
-0.0231703177801039,220.0,50.0,2.0,1186.0,1093.0,1130.0,1217.0,-0.0022889799542901,0.1554755599572871,0.0106028969714722,-0.0231703177801039,0.004550613333847113
-0.0232147254749613,150.0,95.0,2.25,198.0,129.0,140.0,206.0,0.0825223322770466,-0.0232147254749613,0.1897366812720926,-0.0012049785486544,0.17774380713329505
-0.0233260927268935,250.0,50.0,2.0,1220.0,1129.0,1165.0,1242.0,0.0246903030529137,0.1551943173313119,0.0002194279964898,-0.0233260927268935,0.007807766738216197
-0.0234329798516263,160.0,50.0,2.0,1071.0,993.0,1028.0,1109.0,-0.0145680526423144,0.1643023870177024,0.0103908816730089,-0.0234329798516263,0.011212130593570686
-0.0235453391662852,190.0,90.0,2.25,356.0,269.0,298.0,368.0,0.086494541382468,0.1402696605234697,-0.0235453391662852,-0.0145615983399689,0.1277875346931333
-0.0235580721286132,110.0,80.0,2.0,244.0,161.0,172.0,247.0,-0.0070460537925978,-0.0060512361481564,0.0884788280422349,-0.0235580721286132,0.0886206967240208
-0.0237725166136582,260.0,55.0,2.75,655.0,538.0,569.0,646.0,0.0761968620727039,0.2362994958332388,-0.0120454814036826,-0.0237725166136582,0.03570244506069921
-0.0240484907295893,240.0,50.0,2.0,1214.0,1120.0,1149.0,1235.0,0.0136904451712462,0.1549046775607671,0.0041617181613831,-0.0240484907295893,0.005892883942166396
-0.0243325891912992,230.0,50.0,2.0,1201.0,1107.0,1141.0,1230.0,0.0095726391413087,0.1560344773138659,0.0071862938432875,-0.0243325891912992,0.0027754152181424232
-0.0244166628580969,170.0,50.0,2.5,720.0,659.0,666.0,752.0,0.0404971788336935,0.218707779321876,-0.0063460704792375,-0.0244166628580969,0.012032618100598412
-0.0245651444856452,160.0,70.0,2.5,393.0,318.0,347.0,414.0,0.0566104972877163,0.1023871957355095,0.0456289331843635,-0.0245651444856452,0.12359395909388882
-0.024844825664533,160.0,80.0,2.0,485.0,412.0,425.0,517.0,-0.0197987488671697,0.0300584773493913,-0.024844825664533,0.0281720009440439,0.09851924387898091
-0.0250634246479716,210.0,50.0,2.0,1175.0,1078.0,1113.0,1199.0,-0.0012719994940674,0.1598093601924521,0.0175076044062192,-0.0250634246479716,0.0032403389103271875
-0.0251414043508323,160.0,85.0,2.0,424.0,340.0,346.0,439.0,-0.0251414043508323,0.0196509412004459,0.0239214337688485,0.049511903336016,0.11343727044961728
-0.0252812127547572,190.0,65.0,2.75,425.0,338.0,372.0,443.0,0.071402754150914,0.1832661611752521,0.0590513821758624,-0.0252812127547572,0.11188804887669263
-0.025357616397397,130.0,75.0,2.0,442.0,341.0,370.0,441.0,0.0060596315714531,-0.0167408273384604,-0.025357616397397,-0.0195258009440924,0.0974925452070769
-0.0256318103883908,260.0,55.0,2.0,1109.0,1014.0,1035.0,1111.0,0.0319069823268096,0.1546033377787073,-0.0256318103883908,-0.0161654174281387,0.004548028206373027
-0.0259413701657531,250.0,55.0,2.75,640.0,529.0,556.0,638.0,0.0765146293519289,0.2271017703730175,-0.0112979811168752,-0.0259413701657531,0.05265409252704123
-0.0259998556044853,110.0,75.0,2.0,308.0,220.0,237.0,301.0,0.0090529946585574,0.066822534768423,0.0878262953770597,-0.0259998556044853,0.13835054485342574
-0.0265563980488298,100.0,80.0,2.25,146.0,72.0,81.0,149.0,0.0144984392097458,0.2474389625309974,0.0118481669885551,-0.0265563980488298,0.14587522254541793
-0.0271333675074934,200.0,95.0,2.25,335.0,261.0,272.0,327.0,0.1323968929398431,0.1708080326505355,-0.0271333675074934,0.0026924385848891,0.15096622363177764
-0.0274178450187191,180.0,50.0,2.5,743.0,670.0,695.0,772.0,0.0441402077772711,0.2124061746066065,0.0063368468338419,-0.0274178450187191,0.007087095909170898
-0.0274900731548537,170.0,60.0,2.75,457.0,358.0,393.0,456.0,0.0250846438936088,0.2285961066665645,0.0139976428138163,-0.0274900731548537,0.06271122276989628
-0.0280421188190648,150.0,50.0,2.5,682.0,611.0,613.0,704.0,0.0304569942188779,0.2073000143224384,-0.0066783973104245,-0.0280421188190648,0.03639103681304215
-0.0280647232275185,170.0,55.0,2.0,970.0,870.0,907.0,976.0,-0.013457040776645,0.1733297565763032,-0.0260144124664879,-0.0280647232275185,0.008594961124311844
-0.0281817996966776,120.0,90.0,2.25,146.0,71.0,79.0,137.0,0.0259121027840939,-0.0281817996966776,0.2568647305928659,0.0017857335431188,0.11639804307001009
-0.0282760081897668,130.0,95.0,2.0,201.0,122.0,122.0,189.0,0.0556880055535294,-0.0282760081897668,0.1593144236949098,0.0366667578307143,0.11445926238669753
-0.0283836863269405,110.0,90.0,2.75,71.0,35.0,30.0,77.0,0.1131193903805176,-0.0283836863269405,0.5196515938171252,0.0461729704732823,0.0831561841731073
-0.0283869297301818,100.0,85.0,2.0,168.0,88.0,86.0,147.0,0.0173123584723094,0.1934658998645185,0.0683405040477194,-0.0283869297301818,0.1261372327305078
-0.0285927898042768,140.0,70.0,2.75,266.0,194.0,207.0,288.0,0.0177030513525866,-0.0115742010763778,0.0595061681767672,-0.0285927898042768,0.18009437213312582
-0.028603850298383,150.0,50.0,2.0,1053.0,962.0,1009.0,1083.0,-0.0086910356622738,0.1593992717251071,0.0114276035374682,-0.028603850298383,0.01919411108699749
-0.0286328730067965,100.0,65.0,2.75,175.0,114.0,127.0,180.0,0.1508577455684267,0.2167907954543563,0.1981957808561961,-0.0286328730067965,0.16243331324866755
-0.0286548548335889,120.0,85.0,2.25,180.0,105.0,104.0,174.0,-0.0286548548335889,0.0308227940634117,0.2461709116679317,0.0231383063587014,0.13938349794744795
-0.0286567246255765,290.0,55.0,2.0,1148.0,1048.0,1062.0,1137.0,0.0349219440409496,0.1469112626768021,-0.0286567246255765,-0.0043393623574612,-0.0015065955329877426
-0.0288223360129339,160.0,75.0,2.0,560.0,472.0,498.0,564.0,-0.0153377400037564,0.0599840328363821,-0.0288223360129339,-0.0169451962691162,0.10034083338098779
-0.0290059882377597,120.0,85.0,2.5,142.0,73.0,78.0,129.0,-0.0105645121898333,0.0252213044492252,0.3092127930468948,-0.0290059882377597,0.16081760409557544
-0.0297841481794769,200.0,50.0,2.0,1151.0,1065.0,1103.0,1172.0,-0.0066206374153917,0.1558127993150898,0.0153409453279482,-0.0297841481794769,0.004623899306814646
-0.0298192885323442,100.0,75.0,2.0,243.0,159.0,168.0,229.0,-0.0285903931977925,0.1378842701390108,0.0790041991725981,-0.0298192885323442,0.14713469385599187
-0.029819620253093,190.0,50.0,2.0,1128.0,1043.0,1090.0,1158.0,-0.0034488553440954,0.1576027500176528,0.010808433863364,-0.029819620253093,0.003585528679414604
-0.029822558137388,170.0,70.0,2.5,421.0,339.0,369.0,434.0,0.0559906039309214,0.1072268842880431,0.0273896566098271,-0.029822558137388,0.11857815216522477
-0.0299002642029604,240.0,60.0,2.75,551.0,453.0,489.0,558.0,0.063915035107716,0.2106349074875015,-0.0299002642029604,-0.0024536756312863,0.06638027697957137
-0.0301188465235497,270.0,65.0,2.75,527.0,434.0,472.0,545.0,0.0743169795846758,0.1885539421928059,-0.0301188465235497,0.0176449728242009,0.07119311611042344
-0.0301428156357112,220.0,55.0,2.75,606.0,492.0,528.0,609.0,0.0580780846556871,0.2616002600573838,0.019215807773989,-0.0301428156357112,0.06416030583515174
-0.0303835446969944,110.0,70.0,2.0,408.0,290.0,314.0,383.0,-0.0303835446969944,0.0924248288990797,0.0297657864339918,-0.0238647514469265,0.129716672513858
-0.03046865322239,200.0,70.0,2.5,476.0,411.0,441.0,494.0,0.063957765170557,0.1306866573433361,-0.0051792022637531,-0.03046865322239,0.12824467120255467
-0.0306290378674782,130.0,90.0,2.75,109.0,57.0,56.0,109.0,0.1290857112857202,-0.0306290378674782,0.3319713988945339,0.0335878172178547,-0.00016052944506335896
-0.0308985796876501,280.0,55.0,2.0,1137.0,1041.0,1056.0,1126.0,0.0335471308441401,0.1529426917104643,-0.0308985796876501,-0.0075380616074207,0.000532124053916384
-0.0309134330501228,210.0,50.0,2.25,946.0,871.0,908.0,985.0,0.0330155769821873,0.1871430860228142,-0.0304352011946832,-0.0309134330501228,0.005263651392051802
-0.0310940267055929,250.0,70.0,2.75,456.0,365.0,405.0,462.0,0.0625343076942076,0.1138119108644269,-0.0310940267055929,0.0141687914524071,0.10781136149828384
-0.0312326201460273,120.0,75.0,2.5,208.0,130.0,147.0,218.0,-0.0312326201460273,0.0802055122820856,0.1634905512455358,-0.0153566692702456,0.16648272038265807
-0.0313651127252772,180.0,50.0,2.0,1107.0,1023.0,1076.0,1138.0,-0.0087893896580165,0.1523413301235598,0.0124892556475695,-0.0313651127252772,0.0026141920250391
-0.0314998191646873,120.0,85.0,2.0,251.0,154.0,162.0,242.0,-0.0314998191646873,-0.0125219881869862,0.0938194780658048,0.0411003461940398,0.1155878812409043
-0.0315039972331017,100.0,70.0,2.0,336.0,217.0,233.0,296.0,-0.013742750176936,0.1387700409285173,0.0159344665032456,-0.0315039972331017,0.1436314037329286
-0.0316964634838845,160.0,55.0,2.0,932.0,858.0,885.0,957.0,-0.0202616675634284,0.1662554292438027,-0.0195142709737858,-0.0316964634838845,0.022037382650672652
-0.0317744162487134,240.0,55.0,2.75,628.0,516.0,545.0,633.0,0.0689063855068582,0.2337427079014953,0.0041252872759409,-0.0317744162487134,0.05518093520627687
-0.0318213109282628,200.0,95.0,2.0,447.0,359.0,367.0,423.0,0.0756054558227034,0.210145698817994,-0.0318213109282628,0.020350374791335,0.10235259699203153
-0.0320092426274225,100.0,60.0,2.75,236.0,153.0,179.0,212.0,0.0474045614341958,0.2471413254789878,0.0505355218005218,-0.0320092426274225,0.14643666952251647
-0.0320988789382601,270.0,55.0,2.0,1120.0,1025.0,1042.0,1121.0,0.0343263291167163,0.153851840781288,-0.0320988789382601,-0.0116168962319136,0.004743743366886375
-0.0321355215071769,190.0,55.0,2.0,991.0,925.0,952.0,1013.0,-0.0078135130029928,0.1655803197344631,-0.0173774013541107,-0.0321355215071769,0.009548405699195378
-0.0321645873385172,180.0,70.0,2.5,437.0,356.0,401.0,455.0,0.065366870447077,0.1087547715831956,0.0300658966053015,-0.0321645873385172,0.11517538898032317
-0.0324246575224159,200.0,55.0,2.0,1013.0,939.0,962.0,1022.0,-0.0091775584906319,0.1642477138348121,-0.0058172738295312,-0.0324246575224159,0.010242944672354953
-0.0325393640870997,150.0,90.0,2.25,237.0,157.0,176.0,255.0,-0.0188247526871165,-0.0325393640870997,0.1049381239517069,-0.0245473021880067,0.15545843460912429
-0.032801456262778,140.0,95.0,2.75,110.0,64.0,60.0,106.0,0.0325827259943357,-0.032801456262778,0.1594528936356892,0.092428061164723,0.2015054548181834
-0.0328587291568161,210.0,55.0,2.75,591.0,479.0,516.0,592.0,0.0584712372145456,0.2700126290590979,0.0340890095266361,-0.0328587291568161,0.05488368978359458
-0.032927967413898,110.0,50.0,2.0,896.0,802.0,834.0,928.0,-0.0104487388152883,0.1699303430813023,0.0280971580995594,-0.032927967413898,0.022943742112188983
-0.0331885976159741,180.0,50.0,2.25,896.0,818.0,857.0,945.0,0.0229439394794725,0.1754649319801627,-0.0294827360925625,-0.0331885976159741,0.0025292515995785567
-0.0333679627031675,110.0,80.0,2.5,132.0,73.0,87.0,132.0,0.0403652541953688,0.1092949885519006,0.2047425642292881,-0.0333679627031675,0.20098615286706006
-0.0335674825235999,210.0,95.0,2.5,277.0,209.0,222.0,294.0,0.1176746053417049,0.1443854328542358,-0.0335674825235999,0.0530251522297945,0.15473802026418362
-0.0338788528109526,260.0,70.0,2.75,465.0,372.0,417.0,474.0,0.0585145652309456,0.1311758939925512,-0.0338788528109526,0.0239883170936213,0.08185194220809908
-0.0339496329728279,230.0,55.0,2.75,620.0,503.0,537.0,624.0,0.0680021805761681,0.2423971200100856,0.0112928340672107,-0.0339496329728279,0.05271792288771191
-0.0340024129724824,130.0,50.0,2.0,990.0,897.0,949.0,1034.0,-0.010246894405872,0.1539391080532076,0.0317874606837107,-0.0340024129724824,0.016614051377134884
-0.0343723256832489,200.0,50.0,2.25,928.0,858.0,896.0,964.0,0.0229382255614827,0.1801714337248689,-0.0311182516332313,-0.0343723256832489,0.004633511248318746
-0.0343798967323543,140.0,95.0,2.0,238.0,152.0,156.0,240.0,0.0417275737834585,-0.0343798967323543,0.0830631874209699,-0.013632941599547,0.14290278053874803
-0.0347269621601051,190.0,95.0,2.5,250.0,173.0,187.0,260.0,0.1459961367885157,0.1490643961222511,-0.0347269621601051,0.0312529045127221,0.1874987742706249
-0.0350506766618948,100.0,75.0,2.25,185.0,109.0,113.0,179.0,-0.0145281964343394,0.0532654796544296,0.0284160385951861,-0.0350506766618948,0.14412369430174854
-0.0350525782529538,210.0,90.0,2.0,506.0,436.0,438.0,499.0,0.0408045744568465,0.1741271135999593,-0.0350525782529538,0.0242016092709148,0.06715553535218868
-0.0350794911050136,170.0,65.0,2.75,390.0,306.0,335.0,408.0,0.0458444293730585,0.1631123688059434,0.0724204899223448,-0.0350794911050136,0.11818066186765439
-0.0354525024794496,100.0,80.0,2.0,196.0,113.0,119.0,194.0,0.0251962702028584,0.0845984710919479,0.0219140249018416,-0.0354525024794496,0.12610378679386391
-0.0360554988540324,240.0,50.0,2.25,993.0,925.0,940.0,1023.0,0.0526279073869708,0.1725389851090857,-0.0360554988540324,-0.0344731056663753,0.008480308025355853
-0.0361026188392042,130.0,50.0,2.5,635.0,549.0,562.0,650.0,0.0330219644745118,0.2019039733911048,0.0003145685262115,-0.0361026188392042,0.05216580549307581
-0.0362024009253087,120.0,50.0,2.0,949.0,862.0,900.0,997.0,-0.0193422453563681,0.1645280924488877,0.0327619887003175,-0.0362024009253087,0.025179069843800254
-0.0367121605963092,120.0,75.0,2.0,382.0,278.0,307.0,377.0,-0.0132477079133036,-0.0250632287315737,-0.0367121605963092,-0.0326576204996012,0.1311882451221913
-0.0368635400123104,130.0,55.0,2.0,849.0,759.0,777.0,872.0,-0.0325985483590475,0.1502501528861471,0.0023418293259555,-0.0368635400123104,0.023138835967152754
-0.0369128347604024,170.0,50.0,2.25,881.0,805.0,829.0,917.0,0.0142701969069293,0.1762531610599834,-0.0369128347604024,-0.0298698687746927,-0.0026138891901041333
-0.037164914977323,170.0,65.0,2.5,472.0,393.0,437.0,488.0,0.0468488062727578,0.1189423314879291,-0.0257411738954443,-0.037164914977323,0.08001640521227024
-0.0371950218894132,230.0,50.0,2.25,977.0,906.0,933.0,1010.0,0.0470362720178637,0.1759439389160722,-0.0354565309274085,-0.0371950218894132,0.0032023855820868716
-0.0372094574265103,150.0,55.0,2.0,913.0,828.0,856.0,930.0,-0.0193088515361185,0.1525722800122883,-0.0228368776138614,-0.0372094574265103,0.020357745378031113
-0.0374741545196957,150.0,75.0,2.0,529.0,424.0,455.0,536.0,-0.0131374051738359,0.0123542043710547,-0.0333422089936747,-0.0374741545196957,0.10857028999240637
-0.0375569235470094,180.0,55.0,2.0,976.0,899.0,931.0,995.0,-0.0131841460666395,0.1621514625692559,-0.0201191605204043,-0.0375569235470094,0.006903204008548205
-0.0378320827160702,150.0,80.0,2.0,451.0,366.0,388.0,480.0,-0.0378320827160702,-0.0073280183839634,-0.0152379971301181,0.006267358710205,0.1109474968694566
-0.0378708695437702,230.0,50.0,2.5,812.0,743.0,758.0,833.0,0.0770018396227532,0.2098537373592532,-0.0378708695437702,-0.0153889042252588,0.0020076009718052457
-0.0379743905956592,160.0,75.0,2.5,337.0,270.0,283.0,365.0,0.0033825430341655,0.111935680857928,-0.0379743905956592,0.0191898986037585,0.11289724716090051
-0.0380798939545113,140.0,50.0,2.0,1037.0,924.0,967.0,1059.0,-0.0159498520200789,0.1515070850160755,0.0188582537479511,-0.0380798939545113,0.0240785592373877
-0.0383264680762592,130.0,85.0,2.25,223.0,140.0,142.0,220.0,-0.0249672498222362,-0.0383264680762592,0.087466900124451,-0.0120342384076577,0.11648056808250666
-0.0383879839456062,190.0,70.0,2.5,457.0,383.0,426.0,477.0,0.0701955298694084,0.1180629165761277,-0.001845860394074,-0.0383879839456062,0.11558904478444919
-0.0384194895590873,160.0,65.0,2.5,449.0,373.0,414.0,469.0,0.058979362868771,0.1210077634110368,-0.0169376436396324,-0.0384194895590873,0.08050606347882336
-0.0384703402045176,130.0,90.0,2.25,179.0,103.0,109.0,174.0,0.04921753405527,-0.0318809053388427,0.2580662431919163,-0.0384703402045176,0.1250907307492275
-0.0386521084746394,220.0,50.0,2.25,964.0,892.0,924.0,996.0,0.0366860361318113,0.1847392940550336,-0.0386521084746394,-0.0334742715049108,0.008072792226548468
-0.0387108389875927,120.0,60.0,2.75,327.0,238.0,256.0,309.0,0.0194639845088243,0.183180008807183,0.0009203724001219,-0.0387108389875927,0.11667679297191734
-0.0390322924818667,120.0,50.0,2.5,596.0,504.0,515.0,603.0,0.0257996456327021,0.1919112036356179,-0.0040832129096116,-0.0390322924818667,0.055116268556459014
-0.039186120995383,100.0,75.0,2.5,132.0,76.0,83.0,136.0,0.1329296116605778,0.244107922085268,0.2782271215462136,-0.039186120995383,0.13284031015920142
-0.0392435795273615,140.0,50.0,2.5,667.0,580.0,587.0,687.0,0.023644781614804,0.1936757534555139,-0.0119484190413762,-0.0392435795273615,0.03850252136244946
-0.0393825889370293,160.0,50.0,2.25,857.0,796.0,808.0,904.0,0.0078520083973025,0.1753473214045698,-0.0393825889370293,-0.0353776018961646,0.00041906227331230236
-0.039449390282417,190.0,50.0,2.25,909.0,839.0,888.0,962.0,0.0249199079125385,0.1803858486834333,-0.039449390282417,-0.0349097059728461,0.0038446329395906732
-0.0396142814548437,220.0,50.0,2.5,798.0,730.0,750.0,821.0,0.0656962934104885,0.2133761126330024,-0.0396142814548437,-0.0109847613784197,0.006427504980528574
-0.0400217137973575,200.0,55.0,2.75,577.0,472.0,504.0,572.0,0.0498723385938811,0.2630425634342926,0.037726643898317,-0.0400217137973575,0.05840269920998818
-0.0404507331529306,240.0,50.0,2.5,822.0,759.0,768.0,847.0,0.0775562119350049,0.2024801122551942,-0.0404507331529306,-0.0116546637224501,0.0015495747339676228
-0.040575489310443,100.0,70.0,2.5,171.0,109.0,120.0,172.0,0.0980419933876838,0.1477170875455243,0.2288693049105302,-0.040575489310443,0.1673233095611465
-0.040833796317211,190.0,95.0,2.0,420.0,330.0,350.0,406.0,0.0633123929679407,0.176347970007433,-0.040833796317211,0.0233064153334519,0.10923643943012253
-0.0410697378689967,160.0,70.0,2.25,494.0,417.0,441.0,508.0,0.0286991371284157,0.0853002419983411,-0.0410697378689967,-0.040919464191787,0.09837707806531373
-0.0412836287617682,190.0,55.0,2.75,563.0,452.0,487.0,560.0,0.0421114973740432,0.2566095437494741,0.0321599658260735,-0.0412836287617682,0.05084998766875144
-0.0415306266285017,220.0,90.0,2.5,317.0,254.0,275.0,346.0,0.1242069077893241,0.1597225425718443,-0.0415306266285017,0.0524671936321714,0.09798224711606704
-0.0416806411197139,120.0,65.0,2.75,257.0,178.0,189.0,264.0,0.0536808734160862,0.1623559040860029,0.1133512072924349,-0.0416806411197139,0.14513598567946945
-0.0417543299050879,250.0,50.0,2.25,1003.0,938.0,953.0,1031.0,0.0617798724468105,0.1694067443959162,-0.0417543299050879,-0.0344778826809519,0.012270538216519538
-0.0418711283064438,270.0,70.0,2.75,473.0,378.0,426.0,476.0,0.0535390934001298,0.1383080798619181,-0.0418711283064438,0.029424074243551,0.09179891025515245
-0.042549436553019,180.0,80.0,2.0,542.0,474.0,489.0,565.0,-0.009403114759923,0.082720476569149,-0.042549436553019,0.0261298671008884,0.054352355425284674
-0.0426399185509553,140.0,75.0,2.5,288.0,207.0,220.0,318.0,-0.0113835023376588,0.0323829716118376,0.0223946668941673,-0.0426399185509553,0.16973890117208
-0.0427227669851208,220.0,70.0,2.5,501.0,446.0,477.0,523.0,0.0671635516316586,0.1502796866532629,-0.0427227669851208,-0.007951301189241,0.1189699745956231
-0.0428488127971866,130.0,75.0,2.25,340.0,240.0,259.0,340.0,-0.0031672120909201,-0.0428488127971866,0.0105093387780404,0.0040406474396794,0.12730830066375973
-0.043313590800094,100.0,50.0,2.75,367.0,298.0,310.0,377.0,0.0313626380137451,0.1933462100267418,0.0870133991803203,-0.043313590800094,0.047178804777274194
-0.04335489868464,150.0,60.0,2.75,415.0,322.0,354.0,413.0,0.0384626528902811,0.1819783331654811,0.0122386389727733,-0.04335489868464,0.10579770465822856
-0.0436477621762296,250.0,60.0,2.75,567.0,462.0,502.0,562.0,0.069012305188589,0.2041628943392966,-0.0436477621762296,0.0041828450821636,0.06118847424921855
-0.0436820618965444,110.0,80.0,2.25,181.0,102.0,115.0,180.0,-0.0436820618965444,0.0385127756025376,0.1169847612488611,-0.019598067304981,0.16799657078614164
-0.0437032548806555,110.0,60.0,2.75,282.0,210.0,220.0,266.0,0.0214857084318017,0.2532345202158603,0.0207600790392246,-0.0437032548806555,0.0862480368845662
-0.0437165546200146,210.0,90.0,2.25,393.0,317.0,332.0,406.0,0.0848975049871593,0.1757207550143444,-0.0437165546200146,0.0048454797636858,0.11349499041380083
-0.0442794253024283,150.0,50.0,2.25,842.0,758.0,787.0,877.0,0.0011160698594961,0.1721372821726121,-0.0442794253024283,-0.043654903390915,0.009188458055547584
-0.0445692493778928,130.0,80.0,2.5,206.0,129.0,140.0,212.0,0.0325284114899709,-0.007793694367946,-0.0445692493778928,-0.0384768451086421,0.16353781194114245
-0.044756611987817,210.0,85.0,2.75,293.0,207.0,230.0,295.0,0.0838467266541902,0.1577248528740218,-0.044756611987817,0.0457747626553466,0.14476380037729178
-0.0449160171043901,110.0,50.0,2.5,548.0,467.0,471.0,544.0,0.0365309087415383,0.22034055203292,0.0182585372820328,-0.0449160171043901,0.033472659550906086
-0.0454790432207114,190.0,80.0,2.0,568.0,502.0,519.0,585.0,0.0089492658651905,0.0935148853455063,-0.0454790432207114,0.0261850712142328,0.05733685747681735
-0.0461889672523052,140.0,75.0,2.0,492.0,385.0,406.0,504.0,0.0014444837683608,-0.0255249512922129,-0.0319392323566476,-0.0461889672523052,0.11291373393717857
-0.0462248344769773,100.0,50.0,2.0,812.0,743.0,739.0,842.0,-0.00519552318535,0.1702265638756428,0.038686154317924,-0.0462248344769773,0.010589602545958586
-0.0462459597557973,210.0,95.0,2.25,344.0,278.0,293.0,354.0,0.1451756664519818,0.1726833854790337,-0.0462459597557973,0.0183995703517354,0.14175630537034423
-0.0462607184642353,130.0,85.0,2.5,177.0,102.0,109.0,165.0,0.0127635544490735,0.0255192331914148,0.2073480629313847,-0.0462607184642353,0.1197119815037045
-0.0462614080284355,100.0,85.0,2.75,79.0,35.0,28.0,76.0,0.1638768660228534,0.2062614600416445,0.4716229385824741,-0.0462614080284355,0.1849826094627272
-0.0466008931193419,140.0,80.0,2.75,195.0,119.0,124.0,192.0,0.0424888127005096,-0.0466008931193419,0.0717968938892296,-0.0182831443831397,0.2150181985894276
-0.0466181263767901,120.0,55.0,2.0,805.0,716.0,731.0,814.0,-0.0327929342754577,0.1519465902908803,0.0127406384223948,-0.0466181263767901,0.03518007318525963
-0.0466315611933242,140.0,80.0,2.0,418.0,329.0,335.0,442.0,-0.0199005814387425,-0.0466315611933242,-0.0131523124458257,-0.0162995425592154,0.11440965029078543
-0.0467940500865028,130.0,60.0,2.75,368.0,278.0,299.0,349.0,0.0308335210407679,0.1698076844598736,0.0295798181211871,-0.0467940500865028,0.1054408241880757
-0.0470299548247813,140.0,55.0,2.0,895.0,787.0,812.0,910.0,-0.0318845396164582,0.144541044498595,-0.0093799100988847,-0.0470299548247813,0.024970792070573858
-0.0474384019958293,110.0,55.0,2.0,752.0,650.0,666.0,744.0,-0.0321176095212569,0.1713010972507089,0.016454393467847,-0.0474384019958293,0.02496979414232693
-0.0475673374390087,100.0,95.0,2.5,68.0,30.0,27.0,77.0,0.1484703187409604,0.0878206406395696,0.1336955672892253,-0.0475673374390087,0.06334419019456992
-0.0478414967552302,180.0,65.0,2.5,489.0,407.0,463.0,512.0,0.0504630777372121,0.124177647278888,-0.0224591286410214,-0.0478414967552302,0.07583247230396208
-0.0479565844595861,250.0,50.0,2.5,835.0,771.0,778.0,854.0,0.088410138834633,0.1985871954447923,-0.0479565844595861,-0.0059044998828709,0.007057788029101423
-0.04836071768929,130.0,70.0,2.25,408.0,301.0,330.0,396.0,0.0090907594637453,0.0271754854368567,-1.437008779902789e-05,-0.04836071768929,0.1211829351850202
-0.0485832409720498,170.0,70.0,2.25,528.0,438.0,464.0,532.0,0.0333467108293437,0.0995680490232255,-0.0485832409720498,-0.0470777097814595,0.08424908998951411
-0.0487692526017616,140.0,85.0,2.75,161.0,100.0,90.0,156.0,0.0290866799282777,-0.0487692526017616,0.1131232558222966,-0.0327830633052706,0.18649763208316394
-0.0488388268952881,280.0,70.0,2.75,483.0,398.0,434.0,494.0,0.0672361386287984,0.1417978271754328,-0.0488388268952881,0.0317383957001805,0.08534392964189395
-0.0491680663914852,180.0,75.0,2.0,623.0,528.0,560.0,615.0,0.0012334110850903,0.0928457561125774,-0.0491680663914852,-0.0216400908272615,0.05572821929830373
-0.0491958525950201,110.0,65.0,2.75,218.0,152.0,159.0,218.0,0.0977024579616582,0.2116220975216884,0.1552144764781806,-0.0491958525950201,0.13008115015966173
-0.0493067942759575,280.0,65.0,2.75,537.0,451.0,483.0,560.0,0.0858613769618338,0.1851995922507738,-0.0493067942759575,0.0257402110775791,0.062097412080153735
-0.0494952187200685,150.0,70.0,2.5,368.0,295.0,317.0,392.0,0.0348334307110264,0.0698727951405083,0.0460798786632697,-0.0494952187200685,0.1643841901367634
-0.0496080915823762,260.0,60.0,2.75,581.0,472.0,517.0,570.0,0.068457506759951,0.2098850578937641,-0.0496080915823762,0.0104645044834534,0.04572611310301813
-0.0496500088474109,190.0,95.0,2.25,311.0,240.0,249.0,312.0,0.158467464315706,0.1747047496129249,-0.0496500088474109,-0.0062506907123392,0.15063014247135084
-0.0498098971392306,130.0,85.0,2.0,306.0,207.0,217.0,304.0,-0.019557623756827,-0.0498098971392306,0.0406137292883939,0.0159272448688683,0.1149626093404248
-0.0500129439068156,130.0,90.0,2.0,251.0,161.0,164.0,238.0,0.0163165414676074,-0.0500129439068156,0.1560649156048782,0.0125741553028602,0.12151034439086944
-0.0501491514228781,160.0,55.0,2.75,503.0,412.0,431.0,506.0,0.0226779978919378,0.2434268114536636,0.0365983115361422,-0.0501491514228781,0.03046281866783532
-0.0502231337711427,180.0,85.0,2.0,496.0,413.0,414.0,493.0,-0.0171296961715889,0.0842553957819292,-0.0502231337711427,0.0298953742865004,0.06494607942408459
-0.0502298153017865,230.0,70.0,2.5,523.0,455.0,486.0,535.0,0.0769820985788056,0.1374632505556017,-0.0502298153017865,-0.0100804152889995,0.09859796863481102
-0.050245951121827,140.0,90.0,2.0,291.0,201.0,205.0,293.0,-0.0183009465595247,-0.050245951121827,0.1274178323219622,-0.0354698880845812,0.15322623250891584
-0.0505499504241979,270.0,50.0,2.5,863.0,799.0,800.0,869.0,0.0945991260799832,0.2048910528849704,-0.0505499504241979,-0.0020720660199112,0.002245163801922863
-0.0506849404925029,120.0,50.0,2.25,735.0,661.0,680.0,766.0,0.0046701636204638,0.1692695200257001,-0.0117831011604902,-0.0506849404925029,0.03236271300924299
-0.0509046336475541,260.0,50.0,2.25,1014.0,951.0,963.0,1032.0,0.0738959802991258,0.1691422258225146,-0.0509046336475541,-0.0349035460348455,0.008598043854571328
-0.0515879635362981,150.0,85.0,2.0,388.0,295.0,310.0,405.0,-0.0515879635362981,-0.0075122309308935,0.028889921621311,0.0365310219222488,0.1507110964438433
-0.0517465405117143,200.0,80.0,2.0,592.0,528.0,545.0,603.0,0.0060312911251509,0.1192584351011527,-0.0517465405117143,0.0384393260814262,0.05845576786214401
-0.0517529843838909,120.0,90.0,2.75,93.0,42.0,39.0,90.0,0.0995449490586475,-0.0517529843838909,0.3185784637415841,0.0294875659118333,0.022187015427162816
-0.0519366164620257,150.0,65.0,2.75,347.0,267.0,289.0,371.0,0.0489742603558297,0.1170230883960739,0.1014399245775099,-0.0519366164620257,0.14059462233550854
-0.0520813675010245,170.0,85.0,2.25,357.0,271.0,275.0,355.0,-0.0520813675010245,0.0447390238909913,-0.0291913282322243,-0.0033154267503906,0.11395779152326953
-0.0521548410577047,150.0,90.0,2.0,324.0,243.0,252.0,337.0,-0.0521548410577047,0.0081831873800588,0.1355079204294683,0.001981241173947,0.14100032236901164
-0.0522485250294901,270.0,50.0,2.25,1024.0,963.0,976.0,1048.0,0.0742567708765759,0.1634858049567457,-0.0522485250294901,-0.0306342061264499,0.01079059419544485
-0.0528605512288587,130.0,85.0,2.75,135.0,78.0,72.0,130.0,0.0832197397097471,-0.0134249499072205,0.3007403539771776,-0.0528605512288587,0.11756179317521573
-0.0528795091154734,270.0,60.0,2.75,592.0,483.0,524.0,579.0,0.0694535084304449,0.2125163310527396,-0.0528795091154734,0.0128110378900665,0.05137691180444286
-0.0531685546215377,140.0,50.0,2.25,818.0,726.0,750.0,854.0,-0.0035584433184968,0.1642163528807359,-0.0331616719760716,-0.0531685546215377,0.01350318848138074
-0.0536272798529453,190.0,75.0,2.0,649.0,554.0,588.0,632.0,0.0115569480222651,0.0971501777974601,-0.0536272798529453,-0.0199117332831522,0.06961378451337838
-0.053665735700279,160.0,70.0,2.0,652.0,554.0,573.0,630.0,-0.0186925882273569,0.0680901487392533,-0.053665735700279,-0.0204767358147596,0.09318328584299873
-0.0536672413795962,130.0,50.0,2.25,781.0,698.0,726.0,821.0,0.0106939584183864,0.1683247607373724,-0.0109821279699142,-0.0536672413795962,0.0209920143198981
-0.0541159091786925,130.0,90.0,2.5,133.0,78.0,79.0,136.0,0.0976396137612183,-0.0454273704003127,0.317802835401402,-0.0541159091786925,0.037737992630830594
-0.0543982119357541,280.0,50.0,2.5,871.0,814.0,810.0,884.0,0.0979821829457405,0.2048817861776248,-0.0543982119357541,-9.445122158462486e-05,-0.001385708852977649
-0.0547440649320944,130.0,65.0,2.75,298.0,217.0,228.0,307.0,0.0751301702447509,0.1422859969116775,0.1324158616590557,-0.0547440649320944,0.1346564597321586
-0.0547612879321086,240.0,90.0,2.5,355.0,281.0,306.0,376.0,0.128142216797241,0.1516295536446599,-0.0547612879321086,0.0583351923862737,0.06614761288543397
-0.0547654650699774,240.0,70.0,2.5,530.0,472.0,503.0,545.0,0.0790171706807816,0.1251593095278294,-0.0547654650699774,-0.0075229454556339,0.0853605083540475
-0.0549914905995036,190.0,65.0,2.5,508.0,432.0,484.0,531.0,0.0429614306214683,0.1215314852132994,-0.0547259609435223,-0.0549914905995036,0.07499693304033053
-0.0550419708703296,210.0,55.0,2.25,849.0,759.0,788.0,854.0,0.0469215525229161,0.2025527229070406,-0.0550419708703296,-0.0228870645775061,0.00480274293513687
-0.0552251901475733,210.0,95.0,2.0,460.0,387.0,390.0,450.0,0.0950535150394,0.212538185606533,-0.0552251901475733,0.022878386476131,0.08709053928042158
-0.0552809299198866,110.0,50.0,2.25,691.0,612.0,620.0,687.0,0.0127820837443335,0.1804835712016222,-0.0014963022677066,-0.0552809299198866,0.028116492681931025
-0.055513847414793,140.0,90.0,2.5,157.0,98.0,97.0,167.0,0.0427531381198482,-0.055513847414793,0.1215841009709036,-0.0339039625920099,0.11578775011967327
-0.0558318259826717,290.0,50.0,2.5,878.0,821.0,824.0,887.0,0.0989405136156118,0.201383840697364,-0.0558318259826717,0.003436072494002,-0.004434932015284778
-0.0558581564003255,230.0,90.0,2.5,344.0,269.0,288.0,370.0,0.1310837195688036,0.1620884734496506,-0.0558581564003255,0.0506213937306991,0.08723785839625361
-0.055970519106618,260.0,50.0,2.5,853.0,785.0,792.0,854.0,0.0873970338867057,0.2046663311886682,-0.055970519106618,-0.0032413888683994,-0.002710593365123255
-0.0561433183936171,200.0,65.0,2.5,533.0,458.0,499.0,544.0,0.0509250091199624,0.1216992615647655,-0.0561433183936171,-0.0470057140809124,0.08545403088311983
-0.0562791453765999,100.0,85.0,2.25,123.0,61.0,52.0,108.0,0.0496528778120033,0.329026748853707,0.2060458056065253,-0.0562791453765999,0.15453739031548644
-0.0566379780123051,200.0,75.0,2.0,668.0,585.0,621.0,649.0,0.0134959506929376,0.1155165328180267,-0.0566379780123051,-0.0017334006331011,0.06757781729948065
-0.0571089357586954,120.0,70.0,2.5,265.0,180.0,194.0,254.0,0.0023541214200101,0.0720546125068055,0.1552364200097624,-0.0571089357586954,0.1595241655513918
-0.0571240939615158,290.0,65.0,2.75,551.0,459.0,494.0,570.0,0.0892709533838355,0.1845813742470624,-0.0571240939615158,0.0302246428813071,0.060813757002226486
-0.0573086601281046,280.0,50.0,2.25,1035.0,975.0,988.0,1053.0,0.0742838600363688,0.162262945551756,-0.0573086601281046,-0.026130463386704,0.004175778002995955
-0.0575038840528651,180.0,55.0,2.75,543.0,437.0,476.0,547.0,0.0223519085578841,0.2472282058329548,0.0342191616548422,-0.0575038840528651,0.035108191916956445
-0.0577241159113992,230.0,95.0,2.75,263.0,178.0,203.0,275.0,0.0830128594906823,0.1023641337026697,-0.0577241159113992,0.1567160365032368,0.15344286306550078
-0.0578354890346082,290.0,70.0,2.75,494.0,403.0,448.0,507.0,0.0764845114410103,0.145580824104292,-0.0578354890346082,0.039025903137293,0.0833578012475366
-0.057848278986921,200.0,55.0,2.25,832.0,742.0,768.0,826.0,0.0328129634940834,0.1976900603878356,-0.057848278986921,-0.0297530476338941,0.006960250496905508
-0.0578731931170534,130.0,70.0,2.0,544.0,412.0,446.0,519.0,-0.0094434253948124,0.0231323279856715,-0.0578731931170534,-0.0261586301764965,0.09436008415254697
-0.058088960500799,110.0,90.0,2.25,112.0,60.0,58.0,109.0,0.0869996484994964,-0.058088960500799,0.3491768357800739,0.033117372767144,0.11999743138954659
-0.058118321801848,140.0,85.0,2.0,350.0,251.0,262.0,366.0,-0.0352572299090513,-0.058118321801848,-0.0136681786154738,0.0085844216103985,0.1498037455044816
-0.0584846654025265,290.0,50.0,2.25,1050.0,972.0,997.0,1057.0,0.075525991659686,0.1585010300581541,-0.0584846654025265,-0.0230817730450067,0.003599581231832478
-0.0586090763626376,140.0,75.0,2.75,234.0,160.0,155.0,241.0,0.0189552381498269,0.0694560161469535,-0.0586090763626376,-0.0147885928064179,0.19152555683860237
-0.0587810873891901,120.0,75.0,2.25,289.0,188.0,202.0,284.0,-0.0483926998020097,-0.0587810873891901,0.0403554959300251,-0.0333412509099827,0.13640770106836025
-0.0589785128874603,100.0,90.0,2.75,64.0,27.0,22.0,70.0,0.1801290500862605,0.053320875421729,0.4492960906428634,-0.0589785128874603,0.04454914288091458
-0.0591167792589671,180.0,70.0,2.25,545.0,465.0,492.0,558.0,0.0320053980387394,0.1156266506596589,-0.0591167792589671,-0.0381940620556789,0.08261045538907597
-0.0592045702470389,160.0,80.0,2.25,369.0,289.0,312.0,401.0,-0.0150517307764537,-0.0592045702470389,-0.0355504488691069,0.0162326968780224,0.12463469555385612
-0.0595005380533798,200.0,70.0,2.25,594.0,515.0,546.0,590.0,0.0425624364805869,0.1435690693900814,-0.0595005380533798,-0.0282057453240172,0.09322821416541556
-0.0596083519814243,210.0,65.0,2.0,827.0,755.0,782.0,808.0,0.0092345398518203,0.1230778986602413,-0.0596083519814243,-0.0455912688942756,0.0475151091075953
-0.0597153587566134,130.0,70.0,2.5,310.0,226.0,243.0,313.0,0.0517066295684727,0.0838077063323028,0.1414268395023122,-0.0597153587566134,0.14976635291834975
-0.059994922257144,240.0,55.0,2.25,896.0,801.0,826.0,899.0,0.0663055764380486,0.1865962208352297,-0.059994922257144,-0.0250808070538611,0.007287270223308241
-0.0603572787325468,170.0,80.0,2.0,520.0,449.0,455.0,546.0,-0.0087816577714157,0.0801378944699211,-0.0603572787325468,0.0346837633957201,0.07421599293014944
-0.0604216530771106,100.0,80.0,2.75,95.0,43.0,39.0,84.0,0.158492868663167,0.2192332809419982,0.416913617473731,-0.0604216530771106,0.17049734666670213
-0.0605565939958857,160.0,65.0,2.0,722.0,654.0,668.0,715.0,-0.0285625293868465,0.0924004366967073,-0.0605565939958857,-0.0569906329561607,0.06158850008974812
-0.0607672790231539,170.0,75.0,2.5,366.0,291.0,307.0,386.0,0.0079495411071646,0.1212830599488509,-0.0607672790231539,0.0071107562324163,0.11327799999152699
-0.0608064018995486,140.0,55.0,2.25,722.0,584.0,623.0,724.0,-0.0010517721744705,0.1769120447178649,-0.0608064018995486,-0.0601195904964962,0.018759061853691715
-0.0608965778820962,220.0,95.0,2.5,297.0,228.0,243.0,308.0,0.1392061216676398,0.1493519182291111,-0.0608965778820962,0.0692850914357999,0.12605131507791423
-0.0611688645539614,150.0,65.0,2.5,426.0,344.0,387.0,452.0,0.0404953885211101,0.097934312194134,-0.0013642170575368,-0.0611688645539614,0.10366304840148965
-0.0612908973926754,120.0,70.0,2.25,355.0,250.0,277.0,334.0,-0.0163861815829695,0.0412032818864864,-0.0304659676902148,-0.0612908973926754,0.1298942681790959
-0.0614627913810435,230.0,55.0,2.25,879.0,788.0,813.0,884.0,0.0579318789116159,0.1929890804748655,-0.0614627913810435,-0.0239004325558833,0.005586946865117407
-0.0615206839055147,180.0,55.0,2.25,797.0,692.0,727.0,808.0,0.0253589600886033,0.1935810874036658,-0.0615206839055147,-0.0335288419425121,0.005490732094060781
-0.0616107613798236,140.0,60.0,2.75,399.0,299.0,324.0,394.0,0.0278135588553127,0.1549539034769077,-0.0006205519831492,-0.0616107613798236,0.12064837028296048
-0.0616712117406599,200.0,80.0,2.75,321.0,231.0,240.0,313.0,0.0553917140987426,0.1426409306811958,-0.0616712117406599,0.0529918102215683,0.17085597952743897
-0.0616870115124601,210.0,60.0,2.0,924.0,832.0,870.0,916.0,0.0128171625552774,0.1570648266240979,-0.0603453615638094,-0.0616870115124601,0.00988206651567583
-0.0627170564883613,120.0,70.0,2.0,484.0,360.0,383.0,461.0,-0.035147098758514,0.0345531763952504,-0.0627170564883613,-0.0326435444859235,0.12836654967537
-0.062765959828842,180.0,60.0,2.5,572.0,480.0,523.0,588.0,0.0562721195272252,0.2040609058833861,-0.0473533891463024,-0.062765959828842,0.05035893058418636
-0.0629956492946843,110.0,75.0,2.25,229.0,150.0,152.0,230.0,-0.0230688291752058,0.0206473568143092,0.0598191120083052,-0.0629956492946843,0.11616171338304122
-0.0631954018075174,160.0,65.0,2.25,559.0,495.0,516.0,573.0,0.0371968048335649,0.0818098754934169,-0.0483215619894331,-0.0631954018075174,0.05149277286903533
-0.0632076864262427,190.0,70.0,2.25,564.0,491.0,521.0,576.0,0.0430356872595295,0.1335725950819793,-0.0632076864262427,-0.0368466389625418,0.08254620793006134
-0.0632917856874205,200.0,55.0,2.5,683.0,602.0,615.0,691.0,0.0629078560989662,0.2376131930089234,-0.0615883316524326,-0.0632917856874205,0.04838193236418148
-0.0635286183275118,250.0,55.0,2.25,913.0,810.0,837.0,910.0,0.0673613057047751,0.1860818839963601,-0.0635286183275118,-0.0234638139115705,0.009878466961881955
-0.0636460583102388,220.0,55.0,2.25,865.0,777.0,804.0,867.0,0.0473318972936433,0.1995181093547534,-0.0636460583102388,-0.0226291196344384,0.006876479306021905
-0.0636854319248306,150.0,90.0,2.5,182.0,117.0,125.0,197.0,0.0534795095753593,-0.0636854319248306,0.102203620950035,0.0282261842617311,0.0961221416835537
-0.063701609457857,170.0,85.0,2.0,470.0,386.0,379.0,467.0,-0.0135377236610578,0.0835428637821688,-0.063701609457857,0.049459526099474,0.09244110922493597
-0.0637997292459458,170.0,55.0,2.75,527.0,430.0,449.0,524.0,0.0151481555139605,0.2525352079438008,0.0241456579000534,-0.0637997292459458,0.03608869633764726
-0.0639157420364406,100.0,95.0,2.75,54.0,25.0,18.0,62.0,0.1825596902304804,0.0570716255308048,0.2052548260697097,-0.0639157420364406,0.09660295206537985
-0.064147013787278,250.0,70.0,2.5,543.0,480.0,512.0,556.0,0.0834894393255562,0.1315652039890162,-0.064147013787278,-0.0034973573436661,0.08388269839106764
-0.0643210637820597,150.0,70.0,2.25,468.0,376.0,415.0,479.0,0.0090777026647994,0.0387093377944465,-0.0333391057412671,-0.0643210637820597,0.11276388322902332
-0.0647418605343555,170.0,60.0,2.5,550.0,469.0,494.0,560.0,0.038120361762985,0.2073613198538985,-0.0567108709865107,-0.0647418605343555,0.05037959325879178
-0.0647916898438872,110.0,75.0,2.5,165.0,105.0,117.0,169.0,0.0207150685298326,0.1409736220598881,0.2747028597916129,-0.0647916898438872,0.17278029519962457
-0.0648313627034979,160.0,60.0,2.5,525.0,457.0,474.0,540.0,0.0317360091208812,0.1867304969691262,-0.0363946939318234,-0.0648313627034979,0.05591492863305515
-0.065218232474884,130.0,55.0,2.25,683.0,552.0,589.0,676.0,0.0115570496849614,0.1867611260837113,-0.033344410889002,-0.065218232474884,0.030565398078149803
-0.0655064369777897,200.0,65.0,2.0,816.0,742.0,766.0,787.0,-0.0014606002993022,0.1067271334808946,-0.0655064369777897,-0.0516932564632698,0.04843282161262595
-0.0657251479168642,170.0,65.0,2.25,589.0,516.0,541.0,592.0,0.0336371586199448,0.1009194555844005,-0.0657251479168642,-0.0582535742444835,0.04074233134170375
-0.0658002131134756,140.0,70.0,2.0,598.0,462.0,483.0,581.0,-0.0159556028333571,0.0184037190970213,-0.0658002131134756,-0.040690620640832,0.1078552251041695
-0.0658079800076288,100.0,55.0,2.0,664.0,569.0,570.0,647.0,-0.0277894436696512,0.1693847716691487,0.0091278116307582,-0.0658079800076288,0.025634765300136298
-0.0659069927803649,100.0,50.0,2.5,482.0,402.0,411.0,475.0,0.0321741693623769,0.220394006614544,0.032528007574431,-0.0659069927803649,0.04150396243278334
-0.0659114643766372,210.0,85.0,2.5,355.0,274.0,293.0,371.0,0.0388644132408498,0.1141084594533332,-0.0659114643766372,0.0343052102527243,0.12680139727001127
-0.0668710849700231,100.0,90.0,2.25,98.0,43.0,45.0,97.0,0.1335253957057343,0.190691264350306,0.2230469422675745,-0.0668710849700231,0.11820334183770684
-0.067036410695139,190.0,55.0,2.25,816.0,716.0,756.0,820.0,0.0308284217754493,0.1990849157220451,-0.067036410695139,-0.0320046631384208,0.005182085575420732
-0.0670463287193381,170.0,75.0,2.0,601.0,504.0,529.0,594.0,-0.0026948840089306,0.093259698216153,-0.0670463287193381,-0.0131798855223675,0.07184919632096183
-0.0675742002023783,130.0,65.0,2.0,623.0,527.0,552.0,608.0,-0.0166211307270981,0.0891479179719973,-0.0420961523120922,-0.0675742002023783,0.07312329058226402
-0.0677473579116911,160.0,85.0,2.25,318.0,240.0,245.0,332.0,-0.0677473579116911,-0.0002007438680036,0.0044404900096526,0.0197907154849377,0.12727634914457991
-0.067906559867614,200.0,60.0,2.5,609.0,529.0,553.0,618.0,0.069043753981813,0.2012337859992853,-0.067906559867614,-0.0592579588300978,0.06529341252978967
-0.0683076429322608,150.0,55.0,2.75,484.0,386.0,411.0,482.0,0.0238488082179735,0.2280758796148849,0.0289466972294869,-0.0683076429322608,0.05870493140237924
-0.0683963120234313,120.0,55.0,2.25,638.0,501.0,541.0,624.0,0.0099753496143703,0.1871578085798347,-0.0296729441291187,-0.0683963120234313,0.04429781464208576
-0.0684554267200092,210.0,80.0,2.0,608.0,548.0,562.0,620.0,0.0228900800932469,0.1269988116341991,-0.0684554267200092,0.0518062443642377,0.05101339529881818
-0.068641365925277,130.0,65.0,2.5,368.0,283.0,317.0,375.0,0.0568214657484461,0.0939939273455754,0.0711636361172508,-0.068641365925277,0.09696955510716687
-0.0686466594348431,220.0,60.0,2.0,938.0,850.0,889.0,935.0,0.0097308982773757,0.150215448313653,-0.0686466594348431,-0.0510287961420082,0.00975275172649618
-0.068841760849927,190.0,85.0,2.75,270.0,174.0,203.0,258.0,0.0951232946650909,0.1199580729461671,-0.068841760849927,0.0449868236040604,0.1552290264614371
-0.0689543486239303,190.0,55.0,2.5,665.0,582.0,601.0,685.0,0.059254729784821,0.234819406644791,-0.0689543486239303,-0.0666904372260732,0.04466580455028112
-0.0689770868949424,220.0,85.0,2.75,310.0,222.0,249.0,306.0,0.0831047141369429,0.1549918802162111,-0.0689770868949424,0.0605623684832646,0.148960796740187
-0.0693666880181426,210.0,55.0,2.5,696.0,611.0,628.0,710.0,0.071078844569234,0.2421215049274903,-0.0693666880181426,-0.0506042835302062,0.04206866955549568
-0.0693695982074556,260.0,70.0,2.5,549.0,487.0,525.0,563.0,0.0812781327741757,0.1391838116141816,-0.0693695982074556,0.0048781796392902,0.07606297334677158
-0.0695136239376394,200.0,60.0,2.0,904.0,822.0,851.0,896.0,0.0010686775828525,0.1511379661851991,-0.0635341946711802,-0.0695136239376394,0.01053319225422583
-0.069586801242765,280.0,60.0,2.75,604.0,499.0,534.0,598.0,0.0757669345536752,0.2103424641563064,-0.069586801242765,0.0228102024415734,0.038840507072373236
-0.0697951512089716,290.0,55.0,2.25,963.0,860.0,876.0,945.0,0.0814419522532203,0.1708275671448599,-0.0697951512089716,-0.012578216524923,-0.004864375804256884
-0.0698139005585618,190.0,65.0,2.0,794.0,717.0,748.0,784.0,-0.0011663760016603,0.1013007508916585,-0.0698139005585618,-0.0592918161321109,0.04906121232466535
-0.0698581022234762,180.0,55.0,2.5,652.0,557.0,583.0,677.0,0.054454564383852,0.2272922397368158,-0.0505262946722864,-0.0698581022234762,0.04258287753722864
-0.0700194503063828,140.0,95.0,2.5,136.0,82.0,74.0,136.0,0.0404880637850555,-0.0487286717212919,0.0431430081539344,-0.0700194503063828,0.15736321302474973
-0.0701760914895665,150.0,65.0,2.0,700.0,613.0,635.0,680.0,-0.0228768154838757,0.0743812061876849,-0.0643938302616619,-0.0701760914895665,0.07019436989880405
-0.0701815941372213,110.0,70.0,2.25,290.0,208.0,217.0,281.0,0.0033801521263261,0.1023612745755278,0.108144132083007,-0.0701815941372213,0.13037925806059342
-0.0702456585461803,160.0,60.0,2.0,813.0,745.0,765.0,824.0,-0.0161127462567749,0.1625491524131517,-0.0338283017582122,-0.0702456585461803,0.020525900582661776
-0.0702760858534456,100.0,50.0,2.25,618.0,553.0,549.0,608.0,0.0260694490216632,0.1827855021975795,0.0164166365418379,-0.0702760858534456,0.03062887478432043
-0.0703533042121325,160.0,55.0,2.25,751.0,659.0,674.0,768.0,0.0186750637935507,0.1925610525025011,-0.0703533042121325,-0.0357912926893849,0.00972225356250195
-0.0703849508301447,150.0,95.0,2.5,156.0,100.0,99.0,161.0,0.0177864360396996,-0.0703849508301447,0.2160489389282745,0.0061275450801931,0.19746875147278858
-0.0708782781601069,230.0,60.0,2.0,948.0,858.0,901.0,948.0,0.0168723339922688,0.150669702098858,-0.0708782781601069,-0.0520076160941501,0.011024656049080513
-0.070988541397242,200.0,70.0,2.0,752.0,656.0,681.0,715.0,-0.007132075904452,0.1017628897221399,-0.070988541397242,-0.0132259193008245,0.08103255310007128
-0.0715169003421365,150.0,70.0,2.0,624.0,507.0,532.0,601.0,-0.0224039370102562,0.0333768433934542,-0.0715169003421365,-0.0352006501185982,0.09952202241954496
-0.0715756731321912,210.0,65.0,2.5,547.0,475.0,522.0,565.0,0.0626031721763854,0.1332088728508507,-0.0715756731321912,-0.0380126753973432,0.07886785886153175
-0.0717137482433368,160.0,55.0,2.5,601.0,532.0,531.0,629.0,0.0501685887853666,0.231419264927848,-0.0572654382001309,-0.0717137482433368,0.05094378858838775
-0.0720414320742437,140.0,75.0,2.25,379.0,279.0,307.0,404.0,-0.0227920770717369,-0.0720414320742437,-0.0319968131621397,-0.0269174898928592,0.14553478235376113
-0.0720753690527064,100.0,90.0,2.0,133.0,72.0,68.0,124.0,0.0634539585947489,0.2779499481802032,0.1428745404964358,-0.0720753690527064,0.0919745748768886
-0.0720957374694903,170.0,55.0,2.5,623.0,549.0,553.0,648.0,0.046887301846405,0.2380152767619489,-0.0720957374694903,-0.0671695805245133,0.04101451968032318
-0.0721296031378153,220.0,65.0,2.0,839.0,773.0,806.0,831.0,0.0035149022875236,0.1170580144963109,-0.0721296031378153,-0.0380940991511849,0.040531573212315146
-0.0725913594293605,190.0,85.0,2.5,326.0,238.0,261.0,331.0,0.0538144671388709,0.1023933203146483,-0.0725913594293605,0.0266673244263727,0.12908870204008388
-0.0727392382394223,210.0,75.0,2.0,683.0,598.0,642.0,670.0,0.0220243552959256,0.1241849775195125,-0.0727392382394223,-0.0010749295144823,0.05719260875290359
-0.0728534889232038,290.0,60.0,2.75,614.0,505.0,544.0,613.0,0.0809526566507218,0.2159847850666553,-0.0728534889232038,0.0297426637679977,0.03696889299723584
-0.0728625773518214,140.0,85.0,2.5,204.0,127.0,132.0,203.0,-0.0318762762814748,-0.0728625773518214,0.0644096249293832,-0.0456160884234577,0.16939019292328117
-0.0729909140879076,260.0,55.0,2.25,928.0,825.0,849.0,915.0,0.0772220924969403,0.186119550359297,-0.0729909140879076,-0.022919649681583,0.007334583784178546
-0.0733821677742856,230.0,65.0,2.0,859.0,789.0,818.0,843.0,0.0126645720654452,0.1117859485280985,-0.0733821677742856,-0.0399436291544776,0.04064724976721504
-0.0734287350986222,280.0,55.0,2.25,947.0,851.0,867.0,937.0,0.0780212477920217,0.1740863742459351,-0.0734287350986222,-0.015024475858591,-0.0032460840067389807
-0.0736237183128338,120.0,65.0,2.0,569.0,467.0,492.0,558.0,-0.036017628337848,0.0906279238287718,-0.0524404087220769,-0.0736237183128338,0.08910334489276829
-0.0742774506536454,190.0,70.0,2.0,729.0,624.0,655.0,702.0,-0.007693862871866,0.0894341497095162,-0.0742774506536454,-0.0248095950286724,0.08224893676923872
-0.0744919267729798,140.0,65.0,2.75,325.0,239.0,257.0,349.0,0.0646369810832848,0.1045575356616281,0.080226669162108,-0.0744919267729798,0.16219310932926836
-0.0746265014676275,220.0,90.0,2.25,405.0,340.0,360.0,416.0,0.0895024010508168,0.1652301732458821,-0.0746265014676275,0.0071168463141449,0.09562521967169753
-0.0746495950034483,210.0,70.0,2.0,766.0,670.0,700.0,732.0,0.0056491150221307,0.1189838245441189,-0.0746495950034483,-0.0034687382865891,0.08035117653611921
-0.0746734808978529,190.0,60.0,2.0,879.0,812.0,841.0,891.0,0.00421615214164,0.1515689545656745,-0.0586505620052782,-0.0746734808978529,0.012744398960980573
-0.0748486898548629,170.0,60.0,2.0,844.0,765.0,788.0,845.0,-0.0095287525287656,0.1708823437838585,-0.0567104497595124,-0.0748486898548629,0.010238230078292615
-0.0750918896977395,270.0,55.0,2.25,938.0,834.0,860.0,930.0,0.0779508889254555,0.1758948315579524,-0.0750918896977395,-0.0208107996879484,0.005386724562511926
-0.0751427360647819,170.0,55.0,2.25,775.0,675.0,699.0,786.0,0.0171726244199395,0.1966225333065994,-0.0751427360647819,-0.0315426977466295,0.0041905318959505
-0.0751892917770784,200.0,65.0,2.25,656.0,584.0,613.0,653.0,0.048568337910879,0.1225884429901344,-0.0751892917770784,-0.0440371549539557,0.05572000527357236
-0.0756665866549365,140.0,70.0,2.5,343.0,260.0,277.0,365.0,0.0455538022895219,0.0410961420787511,0.0506595960529858,-0.0756665866549365,0.172717323626158
-0.0757481691593785,140.0,95.0,2.25,174.0,105.0,110.0,173.0,0.0832082763890495,-0.0757481691593785,0.1107646975692041,-0.0717610184964987,0.1294484394505001
-0.0757976052199759,140.0,65.0,2.5,406.0,314.0,355.0,431.0,0.0514633899645485,0.0815946281024359,-0.0154006945139452,-0.0757976052199759,0.11422698835632335
-0.0759188686496022,150.0,55.0,2.25,735.0,618.0,650.0,739.0,0.0087483920147381,0.1810246302719589,-0.0759188686496022,-0.050565528203597,0.01858996161753012
-0.0760054343791295,160.0,75.0,2.75,282.0,204.0,209.0,285.0,0.0140164705645912,0.1667780742084441,-0.0760054343791295,0.0404815346855206,0.130418077006873
-0.0762103050847539,170.0,75.0,2.75,301.0,218.0,230.0,306.0,0.02016043065488,0.1689234946849365,-0.0762103050847539,0.021911489711324,0.17358878042569298
-0.0763281433010684,130.0,60.0,2.25,578.0,456.0,489.0,559.0,-0.0212507873173412,0.1649584373617575,-0.0678111630932298,-0.0763281433010684,0.04564427430063636
-0.0765670010006625,190.0,60.0,2.5,587.0,505.0,542.0,602.0,0.060787002963416,0.2035808738772101,-0.0765670010006625,-0.0674739068733033,0.05336677572732679
-0.0770391749942294,200.0,85.0,2.25,425.0,350.0,347.0,425.0,0.0094173320333306,0.1266023328536477,-0.0770391749942294,0.0065986521074391,0.106173933113262
-0.0770504997570645,220.0,90.0,2.0,514.0,457.0,458.0,522.0,0.045962484514317,0.1592116704126683,-0.0770504997570645,0.0391198698015692,0.06852785791787193
-0.0773837889543896,240.0,60.0,2.0,969.0,871.0,913.0,966.0,0.0179971626701517,0.138844183667357,-0.0773837889543896,-0.0492831112307323,0.009639436289199067
-0.0775585650469339,250.0,60.0,2.0,984.0,883.0,922.0,979.0,0.0197203641510928,0.1340559105356491,-0.0775585650469339,-0.0431203653972996,0.008358973369359281
-0.0775885891960576,140.0,70.0,2.25,447.0,339.0,369.0,456.0,0.0038032411776872,-0.0087773336126366,-0.0319552721702545,-0.0775885891960576,0.13254261460226582
-0.0778003702224331,230.0,80.0,2.0,636.0,570.0,600.0,655.0,0.0484912202338741,0.1185617894445251,-0.0778003702224331,0.0624343731629064,0.04933852604177435
-0.0778503102514577,100.0,70.0,2.25,236.0,158.0,162.0,216.0,-0.0203756708326252,0.1589067619199844,0.1188496928551439,-0.0778503102514577,0.14800328887857442
-0.0782779533212649,220.0,80.0,2.0,619.0,562.0,582.0,635.0,0.0355795237176657,0.1135336761595893,-0.0782779533212649,0.0585953079294392,0.047945692467592636
-0.0785186102698079,140.0,65.0,2.0,677.0,569.0,589.0,653.0,-0.0246023944257024,0.0700963884559417,-0.058597048405674,-0.0785186102698079,0.07540311097394369
-0.0786632759228783,150.0,85.0,2.5,228.0,149.0,161.0,231.0,-0.0264354705992138,-0.0786632759228783,0.0008796520308766,0.0047862529494208,0.1442328215105177
-0.0793321476946101,100.0,95.0,2.25,91.0,37.0,40.0,90.0,0.1729889604784137,0.1221251941419166,0.1386165088622594,-0.0793321476946101,0.09258748845390811
-0.0793695894315947,150.0,60.0,2.0,793.0,699.0,735.0,791.0,-0.0120880529776502,0.1539849218220563,-0.0314176967122804,-0.0793695894315947,0.026210289482352756
-0.0793709994744661,180.0,65.0,2.0,770.0,693.0,717.0,763.0,-0.0101441511613049,0.101070760169549,-0.0793709994744661,-0.0612323415768316,0.04083849615988607
-0.0794115537645155,180.0,60.0,2.0,861.0,792.0,821.0,870.0,-0.004224107440284,0.1552267932551036,-0.0625385068258597,-0.0794115537645155,0.0109575267321912
-0.0794977174480926,140.0,80.0,2.5,237.0,157.0,169.0,261.0,0.0101552477894608,-0.0585246338716913,-0.0794977174480926,-0.0682612600915582,0.19312250501158854
-0.0795287002549779,250.0,65.0,2.0,901.0,806.0,835.0,868.0,0.014555072138379,0.1041358858487985,-0.0795287002549779,-0.0304663856994404,0.03679866497857125
-0.0795399606178467,100.0,65.0,2.5,223.0,157.0,167.0,218.0,0.08943256158874,0.2334263835187814,0.143577489035781,-0.0795399606178467,0.1664314451903494
-0.0797261180963793,220.0,70.0,2.0,777.0,684.0,722.0,744.0,0.0038320341596105,0.1181756160891744,-0.0797261180963793,0.0007618207657603,0.07090556283675102
-0.0800065856014801,210.0,70.0,2.25,607.0,529.0,563.0,615.0,0.0525255633380373,0.1479346085794587,-0.0800065856014801,-0.0185473800314706,0.08916365023696424
-0.0800316826555839,220.0,75.0,2.0,691.0,616.0,663.0,679.0,0.0260067204525068,0.1116595021663232,-0.0800316826555839,0.0085796657090546,0.04810435071300346
-0.0801010612482978,230.0,75.0,2.0,713.0,625.0,676.0,693.0,0.0342594192276142,0.1091774325122422,-0.0801010612482978,0.0106426939883877,0.05095959521336268
-0.0801036650435249,110.0,65.0,2.0,498.0,399.0,420.0,471.0,-0.0315920554663754,0.1511950055897695,-0.0079161730235503,-0.0801036650435249,0.08287437301684804
-0.0803069451309609,180.0,75.0,2.5,387.0,309.0,340.0,407.0,0.0142266146921102,0.1246034333705772,-0.0803069451309609,0.0047978801913909,0.09842382676019243
-0.0803918920255627,120.0,65.0,2.5,323.0,239.0,260.0,324.0,0.0450348877994855,0.1356892243856402,0.0538486528410441,-0.0803918920255627,0.11100968970724616
-0.0805045441108302,110.0,65.0,2.25,361.0,276.0,297.0,349.0,0.0197908994340947,0.1114837362995979,0.0447569903041166,-0.0805045441108302,0.0938220093771647
-0.0805069166355415,240.0,85.0,2.75,336.0,242.0,271.0,333.0,0.0789937656373932,0.1115526930965875,-0.0805069166355415,0.0715452525867676,0.09355814544960216
-0.0805173722369962,230.0,70.0,2.0,797.0,692.0,733.0,762.0,0.0163624861759018,0.1201741090707228,-0.0805173722369962,0.0014771469722934,0.07157749745801747
-0.0805186739456379,100.0,85.0,2.5,97.0,44.0,44.0,88.0,0.1136371600514196,0.2413759763581121,0.3144839356274232,-0.0805186739456379,0.1551532494368739
-0.0805556170539849,230.0,85.0,2.75,327.0,232.0,256.0,329.0,0.0816349989919312,0.1173458986889457,-0.0805556170539849,0.0634901868811972,0.1275599545568404
-0.0806860336060008,290.0,60.0,2.0,1034.0,931.0,956.0,1010.0,0.0351493936199664,0.1213948048227298,-0.0806860336060008,-0.0275086399427326,-0.008094056376718332
-0.0808303188127551,190.0,85.0,2.0,523.0,444.0,448.0,517.0,0.0101150554062347,0.1060588842100087,-0.0808303188127551,0.0255201695122312,0.09019055233520701
-0.0810793311628298,100.0,95.0,2.0,118.0,59.0,58.0,108.0,0.0907623469495684,0.2240997094172214,-0.0218235288190486,-0.0810793311628298,0.08263513311815458
-0.0812538636418851,180.0,70.0,2.0,701.0,603.0,623.0,679.0,-0.0173474620765117,0.0876007244527677,-0.0812538636418851,-0.027683722260671,0.07180901886343931
-0.0812601463792693,240.0,95.0,2.75,276.0,188.0,221.0,282.0,0.0649373490236296,0.0962125881412356,-0.0812601463792693,0.1407179723813945,0.12734981327304706
-0.0819137905626398,180.0,85.0,2.25,377.0,298.0,305.0,389.0,-0.0375471510660345,0.068815531540461,-0.0819137905626398,-0.001332381864176,0.09633871660440788
-0.081940108135433,240.0,65.0,2.0,884.0,803.0,829.0,857.0,0.0081328056204519,0.1032169525428749,-0.081940108135433,-0.0384285071333435,0.03775847130776606
-0.0820740283123389,180.0,65.0,2.25,610.0,536.0,571.0,621.0,0.0334270944006024,0.1019175162413253,-0.0820740283123389,-0.0587295232460565,0.042220632585896326
-0.0821070258064619,240.0,55.0,2.5,734.0,646.0,664.0,751.0,0.0823599078301392,0.2119967105476263,-0.0821070258064619,-0.0451363504926904,0.034875933389488196
-0.0822096305904237,190.0,65.0,2.25,633.0,556.0,596.0,645.0,0.0481082139872616,0.1159215691717529,-0.0822096305904237,-0.0556818494506521,0.04691167581219586
-0.0826277681013569,210.0,60.0,2.5,622.0,543.0,570.0,634.0,0.0754661246401138,0.1956770019824806,-0.0826277681013569,-0.0542167743218301,0.06185760201180871
-0.0828260077886312,280.0,60.0,2.0,1024.0,921.0,952.0,997.0,0.0341009136082997,0.1242165472139048,-0.0828260077886312,-0.0291698320729332,-0.006386633065358857
-0.083261556290192,120.0,65.0,2.25,428.0,325.0,351.0,414.0,0.0118480616756017,0.0524886207883014,0.0057129622118273,-0.083261556290192,0.09883048647831591
-0.0836146576949975,280.0,90.0,2.25,486.0,419.0,432.0,491.0,0.0760414757211876,0.182166734673298,-0.0836146576949975,0.0061680701178599,0.05828296613421788
-0.0838866502415658,260.0,60.0,2.0,999.0,893.0,933.0,980.0,0.0320744489931513,0.1298311445903035,-0.0838866502415658,-0.0421266155462626,0.006261697095188268
-0.0845564346256693,250.0,90.0,2.0,565.0,499.0,512.0,574.0,0.0427005940379537,0.1638362385186101,-0.0845564346256693,0.0557395012557171,0.04348605593004694
-0.0846207460367631,140.0,55.0,2.75,468.0,359.0,382.0,462.0,0.0231076803127535,0.2135221367468728,0.0251347429496054,-0.0846207460367631,0.06317849395564548
-0.084782491593861,280.0,70.0,2.5,570.0,512.0,534.0,586.0,0.0769240715648066,0.1593499821789686,-0.084782491593861,0.0256302301131185,0.06380118753241794
-0.084947570355799,140.0,85.0,2.25,258.0,173.0,181.0,271.0,-0.084947570355799,-0.0675249738128902,0.0209012222821869,-0.0325718229785394,0.16195542046161693
-0.0852562800254839,210.0,85.0,2.25,440.0,365.0,363.0,451.0,0.0188906998918152,0.1369609367597203,-0.0852562800254839,0.0111396952481202,0.09801704992633418
-0.0852612610581733,250.0,75.0,2.0,745.0,650.0,694.0,723.0,0.027157340793917,0.1133485789935081,-0.0852612610581733,0.0132206628178231,0.044954641430434227
-0.0853638109287728,270.0,80.0,2.0,693.0,629.0,635.0,690.0,0.0334757174219303,0.137730454370943,-0.0853638109287728,0.0652285564739648,0.02918052451716624
-0.0854038423493884,170.0,65.0,2.0,749.0,670.0,689.0,737.0,-0.0195499779332963,0.1003942545666035,-0.0854038423493884,-0.0578076055530988,0.04185922388120669
-0.0854665889975736,110.0,55.0,2.25,590.0,457.0,487.0,551.0,0.0265088249652369,0.2224656126539029,-0.0209360093107829,-0.0854665889975736,0.03897345465717249
-0.0854816272035893,230.0,55.0,2.5,726.0,629.0,654.0,738.0,0.0793813076635935,0.230394934728707,-0.0854816272035893,-0.0461889978799997,0.03837653831628832
-0.0855752373115616,290.0,65.0,2.0,951.0,845.0,863.0,919.0,0.0280107319303807,0.0965041626788494,-0.0855752373115616,-0.0179305886881693,0.016898736881067605
-0.0856242342010144,250.0,55.0,2.5,749.0,659.0,672.0,759.0,0.0858153158789151,0.2087509670049982,-0.0856242342010144,-0.0406593179882211,0.03292421551156639
-0.0858823338821632,270.0,60.0,2.0,1009.0,908.0,938.0,987.0,0.0343190580668381,0.125556901006907,-0.0858823338821632,-0.0342913387623358,-0.000700865007878191
-0.0860385790465539,130.0,65.0,2.25,477.0,379.0,409.0,467.0,0.0217165214132543,0.0556197257752923,0.0267322056573934,-0.0860385790465539,0.07471627305309733
-0.08618936396186,270.0,55.0,2.5,778.0,689.0,693.0,775.0,0.0831354013596359,0.2114317451806258,-0.08618936396186,-0.0345780915944317,0.021037262782456656
-0.0864135380991628,170.0,70.0,2.0,680.0,578.0,595.0,654.0,-0.0186681279127418,0.0798433270854256,-0.0864135380991628,-0.0209057840874639,0.07135593095129586
-0.0869535998837627,290.0,55.0,2.5,804.0,708.0,722.0,792.0,0.0834672105147153,0.2077516694733246,-0.0869535998837627,-0.0224411426018529,0.01213986696843584
-0.087027847289798,200.0,85.0,2.0,549.0,466.0,473.0,534.0,0.0112818688196174,0.1284990883232166,-0.087027847289798,0.0330783073405292,0.09113836599432701
-0.0872325237475854,280.0,55.0,2.5,792.0,704.0,705.0,785.0,0.0870133974212249,0.21039647034286,-0.0872325237475854,-0.0261295051943598,0.01679774569953261
-0.0872770737361309,280.0,65.0,2.0,941.0,839.0,860.0,908.0,0.025153753847817,0.0959203296651058,-0.0872770737361309,-0.0204384363571257,0.017498093392015624
-0.0875493151434011,240.0,75.0,2.0,732.0,644.0,686.0,712.0,0.0254358552931735,0.1056663641134111,-0.0875493151434011,0.0068305097053534,0.04621290239326077
-0.0876851257220822,270.0,70.0,2.5,558.0,493.0,530.0,568.0,0.0751789023636314,0.1513736166722855,-0.0876851257220822,0.012770153971378,0.081347460358864
-0.0878213604005874,230.0,90.0,2.0,543.0,470.0,482.0,542.0,0.0634664639112528,0.1584496946797571,-0.0878213604005874,0.0534839821642802,0.06251214858594466
-0.0878833636217811,250.0,80.0,2.0,665.0,594.0,621.0,683.0,0.0365785084346802,0.1259412417656715,-0.0878833636217811,0.0609095174738458,0.04229980075021875
-0.0880118302139585,270.0,75.0,2.0,773.0,682.0,705.0,734.0,0.0279325906935538,0.1195157865395509,-0.0880118302139585,0.0245347952879045,0.039610393985574956
-0.0881245896962484,220.0,70.0,2.25,625.0,549.0,581.0,622.0,0.0507549001935494,0.1513841422710939,-0.0881245896962484,-0.00684926983735,0.09140734742067687
-0.0881497862697253,260.0,80.0,2.0,680.0,609.0,628.0,687.0,0.0336160130996238,0.1332090621809336,-0.0881497862697253,0.0603184405960956,0.027991833790480033
-0.088640343670388,250.0,70.0,2.0,832.0,712.0,747.0,792.0,0.012072325781081,0.12788833797066,-0.088640343670388,0.005599765332139,0.06783985211123457
-0.0891205337234534,130.0,80.0,2.0,371.0,279.0,289.0,375.0,-0.0057145129355575,-0.0891205337234534,0.0145757282266917,0.0091018779114572,0.08348659230057118
-0.08912779356189,130.0,55.0,2.75,436.0,334.0,356.0,419.0,0.0374714558252037,0.2192276845987275,0.0265778360361732,-0.08912779356189,0.07105860577095816
-0.0893272100170982,220.0,55.0,2.5,710.0,623.0,646.0,725.0,0.0696456332914538,0.2393973293460768,-0.0893272100170982,-0.0513236480821803,0.0445405579867211
-0.0893832132856524,220.0,95.0,2.25,362.0,301.0,316.0,370.0,0.1369242730883452,0.1525671297323764,-0.0893832132856524,0.0229369122094432,0.11927001884306225
-0.0899022636867516,150.0,55.0,2.5,584.0,496.0,509.0,598.0,0.0322161662846591,0.221979344481363,-0.0546154070682695,-0.0899022636867516,0.07416797216308707
-0.0899457394563769,240.0,90.0,2.25,435.0,374.0,395.0,445.0,0.0798004991113244,0.1615880376836325,-0.0899457394563769,0.0010962711826748,0.0829155006542101
-0.0900451071290938,240.0,70.0,2.0,819.0,710.0,739.0,783.0,0.0086568999570344,0.1212703503907015,-0.0900451071290938,0.000216892381053,0.06790708275372061
-0.0902284994130786,150.0,65.0,2.25,537.0,446.0,491.0,545.0,0.035823984967555,0.0402859503668214,-0.0418728437867023,-0.0902284994130786,0.07112033175915716
-0.0903249641417803,220.0,65.0,2.5,562.0,493.0,538.0,578.0,0.0636600696445707,0.1338942759670917,-0.0903249641417803,-0.0294747599700457,0.07697122798096302
-0.0904356445767191,260.0,75.0,2.0,761.0,664.0,698.0,728.0,0.0258895728679828,0.1153352579264601,-0.0904356445767191,0.0168301000759495,0.04164839131041643
-0.0904534255375792,270.0,90.0,2.25,474.0,401.0,422.0,476.0,0.0726654881994565,0.1738733580074399,-0.0904534255375792,0.0088411272308475,0.07042472414889966
-0.0905879476147568,210.0,65.0,2.25,668.0,605.0,635.0,678.0,0.0667525528322642,0.1235448312766293,-0.0905879476147568,-0.0332995140725354,0.05406782727300825
-0.0906784598726724,130.0,60.0,2.0,722.0,619.0,656.0,723.0,-0.0122818665729335,0.1517747149087032,-0.0241851690232646,-0.0906784598726724,0.03760486844603644
-0.090824872865217,230.0,95.0,2.5,322.0,244.0,255.0,334.0,0.1404771875502395,0.1384223779537907,-0.090824872865217,0.0600996931434384,0.12980429316024356
-0.0908818394606691,260.0,90.0,2.25,464.0,392.0,419.0,463.0,0.071262608045883,0.1742162363965503,-0.0908818394606691,0.0034040435923605,0.07494374965358652
-0.0912410011297735,200.0,90.0,2.75,251.0,160.0,184.0,242.0,0.0982287620020103,0.1618976348278951,-0.0912410011297735,0.0917953604798432,0.1609839528101165
-0.0912558289664624,240.0,80.0,2.0,657.0,588.0,610.0,675.0,0.0405746515811969,0.1187251082824165,-0.0912558289664624,0.0560157771857642,0.0446000874594881
-0.0914956602012936,290.0,75.0,2.0,799.0,694.0,731.0,766.0,0.0234638977485218,0.1244500537213336,-0.0914956602012936,0.0342381433091265,0.03190641390485428
-0.091547234899023,290.0,70.0,2.0,876.0,754.0,781.0,832.0,0.0239812590245542,0.1261761614761358,-0.091547234899023,0.0229034356728721,0.04498176517148998
-0.0917802699814629,250.0,90.0,2.25,451.0,383.0,410.0,454.0,0.0808349838617552,0.1644569688380819,-0.0917802699814629,0.0031583902885323,0.08575200350872966
-0.0927947631414099,150.0,60.0,2.5,505.0,421.0,450.0,510.0,0.0295471261688326,0.1579511131846719,-0.0306209971193441,-0.0927947631414099,0.07785955703947436
-0.0930095432713501,260.0,55.0,2.5,766.0,676.0,685.0,765.0,0.0812062923914107,0.2118435397676296,-0.0930095432713501,-0.0372038378593363,0.02342303723131771
-0.0931763562271997,180.0,75.0,2.75,309.0,227.0,251.0,325.0,0.026201474330423,0.1661874708660637,-0.0931763562271997,0.0188996789637256,0.1355601855198518
-0.0933400619438793,290.0,90.0,2.25,499.0,427.0,449.0,505.0,0.0782444762271203,0.1904202908863851,-0.0933400619438793,0.0183626991807478,0.054243739304593946
-0.0933871268311443,200.0,75.0,2.5,433.0,356.0,380.0,439.0,0.0301335963313178,0.146475463955678,-0.0933871268311443,-0.0025729433821583,0.12492149098399952
-0.0934060187743608,240.0,95.0,2.5,333.0,255.0,274.0,337.0,0.1195987158395106,0.1207063772860201,-0.0934060187743608,0.0711438805023901,0.10550392314423909
-0.0935444437791648,270.0,65.0,2.0,929.0,826.0,845.0,885.0,0.0288988234472706,0.0940432831479659,-0.0935444437791648,-0.0245000241960703,0.025616824972294422
-0.0935779577560499,140.0,60.0,2.25,620.0,492.0,522.0,613.0,-0.0238250000030182,0.1388132170460141,-0.0935779577560499,-0.076154769373693,0.04513727832931564
-0.0938551059190559,260.0,65.0,2.0,912.0,813.0,839.0,871.0,0.0227426023844338,0.0970021052501876,-0.0938551059190559,-0.0296682562359477,0.033285493377506595
-0.0939317950266284,280.0,70.0,2.0,869.0,754.0,773.0,823.0,0.0195059465280839,0.1254337692085997,-0.0939317950266284,0.0162544364294352,0.04858179318241444
-0.0943298494996588,120.0,60.0,2.25,536.0,403.0,441.0,511.0,-0.0324268631829706,0.1674525987054071,-0.0943298494996588,-0.0859011646714896,0.06870484130232513
-0.0943494387104323,140.0,60.0,2.0,773.0,655.0,691.0,770.0,-0.0263618902165642,0.1404109490338158,-0.0259821615963007,-0.0943494387104323,0.036003680974842446
-0.0944486214945206,180.0,90.0,2.75,205.0,126.0,156.0,210.0,0.1028883174285977,0.1061845727650839,-0.0944486214945206,0.0919512148713228,0.15717250909358665
-0.0946825546950265,280.0,75.0,2.0,784.0,695.0,721.0,756.0,0.0215509631544975,0.1226928489027273,-0.0946825546950265,0.0292181820172984,0.03137957854331994
-0.0950152425425253,290.0,80.0,2.0,717.0,647.0,659.0,715.0,0.0320571007488217,0.1429942869590267,-0.0950152425425253,0.0758305804471648,0.02007053932076677
-0.0953478610688641,110.0,70.0,2.5,215.0,150.0,155.0,210.0,0.0713515972953423,0.1220551535456771,0.2351998216297652,-0.0953478610688641,0.1851192389052559
-0.0954377305689632,170.0,80.0,2.25,408.0,319.0,342.0,426.0,-0.0016629557466672,-0.0144257019768849,-0.0954377305689632,0.0074245389215472,0.1049904254667264
-0.0959626524034234,200.0,80.0,2.5,381.0,302.0,312.0,390.0,0.0405959944078534,0.1544355029105715,-0.0959626524034234,-0.0015610040074628,0.15050492624583645
-0.0961284256836563,120.0,80.0,2.0,313.0,208.0,226.0,319.0,-0.0357252014114116,-0.0961284256836563,-0.0377237946506043,-0.0076852126394325,0.10725085392085697
-0.0962558648087059,230.0,65.0,2.5,585.0,503.0,545.0,594.0,0.0748524771324025,0.11739308100796,-0.0962558648087059,-0.0282423335089261,0.06301765506122108
-0.0963343119416532,120.0,55.0,2.75,399.0,295.0,312.0,371.0,0.0216704162652946,0.2480248017408163,0.0175031738304479,-0.0963343119416532,0.07980322486649868
-0.0965134765082864,260.0,70.0,2.0,847.0,725.0,751.0,796.0,0.020875141531255,0.1247643859638369,-0.0965134765082864,0.0062185126604798,0.06280949796687704
-0.0967594178783192,100.0,65.0,2.25,303.0,216.0,233.0,277.0,0.0299599174793543,0.1345170067501615,0.0824846441923695,-0.0967594178783192,0.1326904714595585
-0.0968366821421386,240.0,90.0,2.0,553.0,489.0,497.0,556.0,0.0498806438431286,0.1523390514711904,-0.0968366821421386,0.0537539169552192,0.04172915808564873
-0.0971102636111675,290.0,70.0,2.5,582.0,521.0,542.0,599.0,0.0776985172824423,0.161879389177679,-0.0971102636111675,0.0341236655889003,0.061770410999351585
-0.0974842737306034,110.0,60.0,2.25,465.0,360.0,384.0,435.0,-0.0258988950526807,0.1848817785832597,-0.0814862604220197,-0.0974842737306034,0.048669784939197866
-0.098081886034222,230.0,90.0,2.25,425.0,357.0,374.0,439.0,0.0950585101080983,0.1708285510796032,-0.098081886034222,0.0069224955266312,0.09103176432869779
-0.0983163774663971,130.0,95.0,2.5,114.0,59.0,55.0,114.0,0.1162834592127503,-0.0983163774663971,0.2065081490321249,0.0057625487633467,0.04969778219050202
-0.0990443420920687,230.0,70.0,2.25,640.0,560.0,589.0,633.0,0.0626218161236259,0.1428688555830023,-0.0990443420920687,-0.0069680689038733,0.08850381470659477
-0.0991966783431601,280.0,80.0,2.0,702.0,644.0,644.0,708.0,0.02932535713604,0.1426125348772163,-0.0991966783431601,0.0719572872582255,0.020589663419050448
-0.1001759935290234,270.0,70.0,2.0,860.0,740.0,757.0,804.0,0.0231902680541105,0.1253414120735889,-0.1001759935290234,0.0137280420704325,0.05773874806344082
-0.1005224034543814,260.0,90.0,2.0,582.0,512.0,523.0,583.0,0.0385428638087866,0.1661251471443318,-0.1005224034543814,0.0505673014223964,0.03127936847884005
-0.1011548732177491,110.0,65.0,2.5,273.0,212.0,215.0,277.0,0.0504372920445282,0.1686231404800078,0.0981447967055015,-0.1011548732177491,0.10833241523961787
-0.1012540381623696,140.0,90.0,2.25,211.0,131.0,136.0,223.0,-0.0114472364111837,-0.1012540381623696,0.1309931628783101,-0.0696401369840524,0.15888359248539582
-0.1014912311048739,250.0,70.0,2.25,670.0,584.0,616.0,655.0,0.0708021877704904,0.1445038036466302,-0.1014912311048739,-0.0061103070780667,0.08691861438977216
-0.1016677304567171,100.0,90.0,2.5,76.0,39.0,35.0,81.0,0.160372520256683,0.2556762830512571,0.3422286067963084,-0.1016677304567171,0.041443897398245055
-0.1017791749604641,100.0,55.0,2.25,515.0,388.0,415.0,463.0,0.0361149229976114,0.2436343731484729,-0.0066929416465886,-0.1017791749604641,0.03600157829552568
-0.102580960380951,110.0,95.0,2.25,101.0,43.0,46.0,100.0,0.1433915480084892,-0.102580960380951,0.2532107502149489,0.0276715397449589,0.09744038146695705
-0.1026446848351677,220.0,85.0,2.25,454.0,383.0,391.0,465.0,0.0234130174302369,0.1285722707137495,-0.1026446848351677,0.0260406060188774,0.07947721084525625
-0.1026859723194205,270.0,90.0,2.0,591.0,525.0,527.0,587.0,0.0379708076397883,0.168345517624929,-0.1026859723194205,0.0535672785098357,0.03059123371641311
-0.1028211477465324,210.0,80.0,2.75,332.0,245.0,260.0,335.0,0.0669630488384236,0.159970369090392,-0.1028211477465324,0.058406087742136,0.15286636656992203
-0.1029658486397205,100.0,80.0,2.5,108.0,55.0,58.0,107.0,0.1304313454746853,0.3120797426992137,0.1052951956990256,-0.1029658486397205,0.16363747748051696
-0.1029687400777086,150.0,80.0,2.25,342.0,250.0,284.0,373.0,-0.044832289640867,-0.1029687400777086,-0.0276080112400553,-0.0012248752266157,0.16691116903067857
-0.1034754222762504,250.0,85.0,2.25,494.0,427.0,440.0,504.0,0.0396800927000854,0.126027416888421,-0.1034754222762504,0.0157649938265845,0.06025150651776051
-0.1036118870357887,150.0,85.0,2.25,285.0,204.0,214.0,306.0,-0.1036118870357887,-0.0237179107617915,-0.0220327157114311,-0.0005664340578141,0.1468245880006066
-0.1037069821541255,220.0,65.0,2.25,685.0,622.0,658.0,689.0,0.0575566002448501,0.1281056213104009,-0.1037069821541255,-0.0248908719485109,0.05496183424187687
-0.1037865632924429,260.0,85.0,2.25,505.0,437.0,451.0,513.0,0.027932442439709,0.1404410038643198,-0.1037865632924429,0.0216723936272408,0.047479194605055584
-0.1039175679528636,210.0,85.0,2.0,566.0,488.0,489.0,559.0,0.0228640278066607,0.1365719327326465,-0.1039175679528636,0.0474172887882999,0.077422619118143
-0.1043862859046499,100.0,60.0,2.25,398.0,289.0,306.0,351.0,-0.0127241785738632,0.1962726701794987,-0.0462930047601691,-0.1043862859046499,0.057106571724629254
-0.1045865211983997,190.0,85.0,2.25,402.0,325.0,333.0,409.0,0.0105266339922258,0.1083254742088742,-0.1045865211983997,-0.0049686798222885,0.09900905833140762
-0.1045994314330087,140.0,60.0,2.5,487.0,388.0,417.0,488.0,0.0281089483367577,0.1267877443081757,-0.0247468455204224,-0.1045994314330087,0.07717528161277377
-0.1047086166907088,150.0,75.0,2.25,401.0,313.0,350.0,428.0,-0.0130879467602743,-0.0134898408463955,-0.1047086166907088,-0.0228519738250304,0.13315603744910423
-0.1060245810505871,240.0,70.0,2.25,657.0,576.0,604.0,645.0,0.069179148525342,0.1416359350457772,-0.1060245810505871,-0.0110558536669154,0.08787828266934987
-0.1064387565135987,240.0,65.0,2.5,592.0,520.0,559.0,610.0,0.0779039788700017,0.1102082149573254,-0.1064387565135987,-0.0241681103970485,0.055458440822386976
-0.1075277391857996,140.0,65.0,2.25,519.0,414.0,448.0,525.0,0.0209962966729176,0.0309344719181306,-0.0142914110465585,-0.1075277391857996,0.08799876621945145
-0.1075499448376264,260.0,70.0,2.25,682.0,591.0,624.0,662.0,0.0669536622479896,0.1441193973516264,-0.1075499448376264,0.0021254776428298,0.07999896779486426
-0.1076407171986103,280.0,85.0,2.25,527.0,464.0,467.0,540.0,0.0348486567670518,0.1522069526484311,-0.1076407171986103,0.0275546308449599,0.026640084409752355
-0.1076760241606153,280.0,70.0,2.25,706.0,624.0,642.0,690.0,0.0728268542080036,0.1455484838343267,-0.1076760241606153,0.0210217330740232,0.06209462343848191
-0.1077350517034245,200.0,80.0,2.25,474.0,391.0,413.0,483.0,0.0298578884797003,0.0545981061261569,-0.1077350517034245,0.012451003492959,0.1160336832410483
-0.1080176074294916,100.0,65.0,2.0,418.0,305.0,326.0,378.0,-0.0279868277580043,0.1801990365654655,-0.007406477457736,-0.1080176074294916,0.0947463021680631
-0.1084054064854139,150.0,60.0,2.25,637.0,532.0,558.0,634.0,-0.0123731219540538,0.1619256201934923,-0.1084054064854139,-0.0600358835430086,0.03782841057134704
-0.1084237009417105,210.0,75.0,2.5,443.0,370.0,401.0,463.0,0.046099027909352,0.1439201434638504,-0.1084237009417105,0.0093406252819577,0.11169052783027754
-0.1085638808713764,140.0,55.0,2.5,568.0,465.0,478.0,580.0,0.0275526134561849,0.210581447346139,-0.0544251081599527,-0.1085638808713764,0.07586047157884333
-0.1087126731889198,220.0,60.0,2.5,637.0,559.0,587.0,648.0,0.0720103001175922,0.1923435359130824,-0.1087126731889198,-0.0547149981884922,0.06248036660021132
-0.1087304216806227,230.0,95.0,2.25,385.0,323.0,333.0,398.0,0.1323756123451044,0.1683182280419974,-0.1087304216806227,0.0261628320483373,0.1161917451500506
-0.109680015256434,160.0,60.0,2.25,656.0,577.0,588.0,665.0,-0.0023644665347316,0.1907324996806573,-0.109680015256434,-0.040742499000922,0.020868233166043512
-0.1107290971964478,160.0,75.0,2.25,423.0,353.0,382.0,461.0,0.0004951316917801,0.0305585476099872,-0.1107290971964478,0.0026570054888307,0.11864814394681124
-0.1110570184617774,290.0,70.0,2.25,717.0,629.0,649.0,700.0,0.0709459663726955,0.1422510582943307,-0.1110570184617774,0.025120808160565,0.05961459379114285
-0.1110992433393288,250.0,90.0,2.5,372.0,289.0,317.0,388.0,0.1280265915009844,0.1317689936210687,-0.1110992433393288,0.0589243801903139,0.0559311616376435
-0.1113738124700307,240.0,85.0,2.25,483.0,413.0,422.0,493.0,0.0359814029613181,0.1179826479086306,-0.1113738124700307,0.0179147143023969,0.06347049496063585
-0.1117459460700327,110.0,55.0,2.75,354.0,272.0,280.0,327.0,0.0350375143653089,0.3027627718679676,0.0485400128215897,-0.1117459460700327,0.05123570552095813
-0.1120434376517987,230.0,60.0,2.5,655.0,569.0,600.0,661.0,0.0790483578616054,0.1808066300339348,-0.1120434376517987,-0.0506922203772191,0.05375177780543071
-0.1122918297110709,120.0,55.0,2.5,500.0,382.0,408.0,480.0,0.0285891102534105,0.2430650976503364,-0.039265372019202,-0.1122918297110709,0.09412214831018054
-0.1126276039058857,200.0,60.0,2.25,746.0,661.0,684.0,725.0,0.0208092188924035,0.198735943432278,-0.1126276039058857,-0.0418133819747211,0.026534893968552794
-0.1131463818473059,190.0,75.0,2.5,414.0,338.0,364.0,426.0,0.0430166699971296,0.1389772098262079,-0.1131463818473059,-0.0039601475271295,0.10500576303889599
-0.1132788307902958,120.0,60.0,2.5,404.0,301.0,333.0,392.0,0.0278083372975832,0.1382177047970058,-0.0031916326141274,-0.1132788307902958,0.10882594686438996
-0.1140934680531017,240.0,95.0,2.25,398.0,337.0,356.0,402.0,0.1246638876913028,0.1550629971523072,-0.1140934680531017,0.0286002513738791,0.10472691600608512
-0.1147565339087734,120.0,60.0,2.0,675.0,570.0,599.0,663.0,-0.0204468562563807,0.157173963636466,-0.0214640218593597,-0.1147565339087734,0.058799860528888984
-0.1151032147519341,150.0,80.0,2.5,263.0,186.0,200.0,290.0,-0.0019164528346444,0.0027646197130798,-0.1151032147519341,-0.013933078257574,0.18932250537197592
-0.1151179187875605,190.0,60.0,2.25,722.0,637.0,672.0,724.0,0.0187367170232248,0.200981227381597,-0.1151179187875605,-0.0469222655245251,0.019821684898064608
-0.1151954378539255,180.0,80.0,2.25,430.0,339.0,373.0,445.0,0.0083934047172678,0.0090694685209453,-0.1151954378539255,0.0042669142576857,0.08727955762740139
-0.1156988140832433,190.0,80.0,2.75,304.0,211.0,231.0,297.0,0.0489117366979204,0.1333473138957358,-0.1156988140832433,0.0541791961346122,0.17080493250754553
-0.1160941258831665,130.0,60.0,2.5,451.0,352.0,381.0,438.0,0.0414360068594443,0.1344260214912589,0.0215134157124148,-0.1160941258831665,0.08667375948324305
-0.1162260572205447,270.0,70.0,2.25,698.0,610.0,635.0,671.0,0.0734672059889927,0.1413669390521517,-0.1162260572205447,0.0108594994116914,0.0743578196484865
-0.1164163803954217,280.0,90.0,2.0,601.0,544.0,542.0,602.0,0.0435309767440541,0.1676273735768381,-0.1164163803954217,0.0522006836033576,0.019828373496062195
-0.1167033209333103,290.0,85.0,2.25,540.0,474.0,478.0,548.0,0.0380778071078615,0.1523289224672386,-0.1167033209333103,0.0350561397223344,0.026558621718314593
-0.1168775875254097,160.0,80.0,2.5,294.0,216.0,230.0,317.0,0.0149215161321202,0.0747184298871076,-0.1168775875254097,0.0146613775516637,0.15612823570351597
-0.1169100479228808,110.0,60.0,2.0,616.0,509.0,534.0,582.0,-0.0209404754076968,0.1741998725110296,-0.0140682902048451,-0.1169100479228808,0.04982849654804674
-0.1175754929005608,180.0,80.0,2.5,339.0,254.0,281.0,358.0,0.0335339240871639,0.1230703747842849,-0.1175754929005608,0.0101747779996606,0.1384758031976391
-0.1177396746312072,290.0,90.0,2.0,616.0,552.0,555.0,612.0,0.058313140740727,0.1602316027672514,-0.1177396746312072,0.0517528107162246,0.00692297449113371
-0.1179577344973793,230.0,65.0,2.25,704.0,635.0,670.0,707.0,0.0615862658644012,0.1192699173577776,-0.1179577344973793,-0.0289678319872735,0.049804418422755174
-0.1180726159153159,270.0,85.0,2.25,515.0,446.0,452.0,521.0,0.0287495593559492,0.1384975407790822,-0.1180726159153159,0.0321713025802965,0.042438890838207406
-0.1182187787795805,190.0,75.0,2.25,508.0,432.0,475.0,523.0,0.0494626448777258,0.0884680406627207,-0.1182187787795805,-0.025763179756714,0.08820985756862666
-0.1182674013019432,240.0,60.0,2.5,661.0,589.0,612.0,674.0,0.0857318430250804,0.1687032104344057,-0.1182674013019432,-0.0485882313751393,0.06094900236291835
-0.1184297285008434,250.0,60.0,2.5,675.0,595.0,619.0,680.0,0.0926533862836154,0.1652773027423557,-0.1184297285008434,-0.0416610754408367,0.0625374458473866
-0.1184782272061535,250.0,65.0,2.5,603.0,530.0,568.0,616.0,0.0851746512545727,0.1154123825230823,-0.1184782272061535,-0.0188382122187632,0.056529215599884816
-0.1184835372373017,200.0,75.0,2.25,530.0,454.0,488.0,537.0,0.046624660390347,0.0979875527429917,-0.1184835372373017,-0.0202647241819407,0.09985650642366653
-0.1188509191364516,280.0,60.0,2.5,712.0,628.0,655.0,711.0,0.0961820096474282,0.1622408357191077,-0.1188509191364516,-0.0205217980992734,0.04108930948005321
-0.1189148053296529,130.0,55.0,2.5,540.0,430.0,452.0,533.0,0.0414509368341394,0.2275814422831412,-0.026368898490874,-0.1189148053296529,0.08014984865024835
-0.1197715240230579,260.0,95.0,2.25,424.0,355.0,377.0,423.0,0.1246089097505527,0.1743658833738335,-0.1197715240230579,0.0203733295720857,0.08649524893796495
-0.1201599406642503,210.0,80.0,2.25,488.0,409.0,434.0,505.0,0.0491027935884944,0.0718022274281549,-0.1201599406642503,0.0217301329339525,0.10337902519641357
-0.1204202208304095,250.0,85.0,2.75,349.0,252.0,284.0,341.0,0.0912902697692617,0.0932927865738769,-0.1204202208304095,0.0710774115705224,0.07224804217306467
-0.120733683803394,260.0,65.0,2.5,614.0,533.0,579.0,622.0,0.0799078438043605,0.1195639071289711,-0.120733683803394,-0.0198123150581036,0.04936064988875596
-0.1207639211564177,220.0,75.0,2.5,456.0,389.0,423.0,474.0,0.0476305641295094,0.149480563234009,-0.1207639211564177,0.0212801184549973,0.10383005608977651
-0.1211049658581669,230.0,85.0,2.25,474.0,397.0,405.0,488.0,0.045644720362175,0.1190082101035528,-0.1211049658581669,0.0318620343990779,0.08195547867805314
-0.1212655188863906,100.0,60.0,2.5,300.0,206.0,233.0,266.0,0.029564196862455,0.1656588450006405,-0.0040822301314651,-0.1212655188863906,0.10819927863158468
-0.1213475465833481,220.0,85.0,2.5,367.0,295.0,315.0,383.0,0.0499804562827555,0.1213637291123382,-0.1213475465833481,0.0427869346403371,0.1120692584139119
-0.1222643393523652,100.0,55.0,2.75,300.0,209.0,236.0,276.0,0.055568066382329,0.3052572126421791,0.0884512361806407,-0.1222643393523652,0.06431981020467528
-0.1227314614254143,270.0,60.0,2.5,707.0,613.0,640.0,697.0,0.0891232510953622,0.1636174287894817,-0.1227314614254143,-0.0325753403150638,0.047529300873948556
-0.1229237064915915,210.0,80.0,2.5,391.0,316.0,329.0,414.0,0.0569296102827681,0.1480116897084895,-0.1229237064915915,0.0162407694372076,0.13236208441216724
-0.1230976809648136,190.0,80.0,2.25,452.0,371.0,400.0,467.0,0.0346745784656031,0.0360185446280138,-0.1230976809648136,-0.0019940220079966,0.10548593217967595
-0.1232461711264407,110.0,60.0,2.5,352.0,271.0,288.0,334.0,0.0306714334737056,0.1671035198656593,0.0018962069979927,-0.1232461711264407,0.08384253280725948
-0.1239735112641049,290.0,60.0,2.5,722.0,633.0,667.0,725.0,0.0937755107029276,0.1639221803829548,-0.1239735112641049,-0.0157228240436265,0.03833727809581698
-0.1242939543808233,210.0,60.0,2.25,757.0,673.0,701.0,750.0,0.037470461417525,0.193528740734507,-0.1242939543808233,-0.0341557221500805,0.031003807383471877
-0.1243589720276543,220.0,85.0,2.0,580.0,509.0,515.0,572.0,0.0258048342394763,0.123585848850544,-0.1243589720276543,0.0585337227827499,0.07225387548630846
-0.1243799763283059,250.0,65.0,2.25,732.0,658.0,690.0,727.0,0.070748370290778,0.1188320592504154,-0.1243799763283059,-0.025885499772752,0.05235242934188854
-0.1251922951238543,240.0,85.0,2.5,403.0,321.0,343.0,409.0,0.0572340708104542,0.113414393034299,-0.1251922951238543,0.0493741335938327,0.0812023562266745
-0.1253909003002472,180.0,75.0,2.25,486.0,401.0,446.0,506.0,0.0212651670302354,0.0750868436077545,-0.1253909003002472,-0.0069021418979664,0.08982718009351207
-0.1256974854428948,230.0,85.0,2.0,598.0,520.0,539.0,590.0,0.0388830653580609,0.1242876256890195,-0.1256974854428948,0.0635891355029455,0.06614208291412582
-0.1257559305604319,260.0,60.0,2.5,690.0,602.0,632.0,686.0,0.0885629701845293,0.1650311474154044,-0.1257559305604319,-0.0382441682041052,0.05001128733572631
-0.1258061951108663,240.0,65.0,2.25,721.0,651.0,680.0,719.0,0.0653413330871244,0.1197103254923349,-0.1258061951108663,-0.0315269784926025,0.05091661585285316
-0.1258228079108777,180.0,60.0,2.25,701.0,616.0,643.0,704.0,0.0023057731032809,0.1977388295104543,-0.1258228079108777,-0.0455591285514858,0.014494896186554885
-0.1262282511740139,100.0,60.0,2.0,523.0,419.0,442.0,484.0,-0.0164222478006541,0.1732223743694352,-0.012166356615881,-0.1262282511740139,0.05125991303157045
-0.1262463642762485,170.0,75.0,2.25,465.0,379.0,407.0,482.0,0.0095042863794437,0.059764035175498,-0.1262463642762485,-0.0088711045941131,0.10298246973257147
-0.1266738783661446,170.0,80.0,2.5,323.0,238.0,254.0,336.0,0.0255663707174384,0.1014064473266536,-0.1266738783661446,0.003237866636159,0.1698798234017942
-0.1267786296096694,280.0,95.0,2.25,448.0,379.0,393.0,450.0,0.1224326662361448,0.1879440108131237,-0.1267786296096694,0.0260639058475847,0.07326492126448855
-0.1270650272466871,260.0,90.0,2.5,382.0,304.0,330.0,395.0,0.1232921668013764,0.1382254244148887,-0.1270650272466871,0.0695861140191859,0.03879808691057117
-0.1281131936793751,120.0,95.0,2.25,125.0,50.0,57.0,117.0,0.1374487682187478,-0.1281131936793751,0.2074090339587804,0.0051246541739483,0.07724646674072415
-0.1288914160415866,270.0,95.0,2.25,437.0,363.0,381.0,437.0,0.1252235903939746,0.1773275792553079,-0.1288914160415866,0.0250001961992371,0.08287003470631539
-0.1290099719079151,130.0,95.0,2.25,148.0,77.0,82.0,142.0,0.1409971386079223,-0.1290099719079151,0.2314891483728166,-0.0141795746622021,0.06163199615698807
-0.1290899132893295,270.0,85.0,2.0,645.0,575.0,578.0,632.0,0.0250108496190707,0.1446981330168848,-0.1290899132893295,0.0625036105025073,0.04026085111013942
-0.1304469217157119,170.0,60.0,2.25,674.0,599.0,613.0,683.0,-0.0117738049198989,0.2046352692139029,-0.1304469217157119,-0.0390634607668497,0.009627558697859449
-0.1306943913638552,220.0,95.0,2.0,474.0,410.0,413.0,470.0,0.0988898836536184,0.1885312807041961,-0.1306943913638552,0.0396299329946589,0.0881974452365063
-0.1308433356765396,280.0,65.0,2.25,773.0,691.0,712.0,762.0,0.0629919827264436,0.1081743000166279,-0.1308433356765396,-0.0057390952570743,0.03171346737381993
-0.1310010758844734,260.0,65.0,2.25,745.0,666.0,695.0,731.0,0.0659837793966311,0.1157839611910371,-0.1310010758844734,-0.022646072007223,0.04889059046483083
-0.1324881769759541,290.0,85.0,2.0,672.0,597.0,603.0,654.0,0.0321566221062792,0.1424756369460405,-0.1324881769759541,0.0691251558691712,0.02550531923166435
-0.1328250657094632,250.0,95.0,2.25,414.0,343.0,368.0,415.0,0.1285785041845588,0.1639604069602692,-0.1328250657094632,0.0239803581731925,0.10464276685087537
-0.132956089735466,250.0,85.0,2.0,620.0,544.0,564.0,622.0,0.0236467442339961,0.1298344266714246,-0.132956089735466,0.0584011024500053,0.05612585624510885
-0.1334407712197043,220.0,60.0,2.25,772.0,689.0,723.0,766.0,0.0348270862530212,0.186715807099386,-0.1334407712197043,-0.0306718963745233,0.031407812383560746
-0.1336603710872337,280.0,65.0,2.5,635.0,558.0,596.0,649.0,0.0788779553107867,0.1305385390752651,-0.1336603710872337,-0.0081721910716299,0.040375191645582016
-0.1338168665363649,280.0,90.0,2.5,402.0,324.0,341.0,423.0,0.1149307126175949,0.1500713228369863,-0.1338168665363649,0.0843482175551121,0.010295207412452222
-0.1338890206098061,260.0,85.0,2.75,363.0,265.0,296.0,352.0,0.0912352327004499,0.1177307948675332,-0.1338890206098061,0.0817382832398265,0.04726138159217342
-0.1338997663598737,250.0,95.0,2.5,349.0,262.0,284.0,350.0,0.1183180660419786,0.1259860436910781,-0.1338997663598737,0.0712554088344874,0.10339177766393848
-0.1346187614934567,290.0,65.0,2.25,785.0,696.0,718.0,775.0,0.06190131851296,0.1091372810568252,-0.1346187614934567,-0.0002501167846392,0.03025646646281567
-0.135197406522532,230.0,75.0,2.5,481.0,399.0,434.0,491.0,0.0636958237202899,0.1380272825148833,-0.135197406522532,0.0193243624846179,0.09154858436866717
-0.1352953770705957,230.0,60.0,2.25,784.0,699.0,733.0,781.0,0.0487480438388882,0.1741862578963255,-0.1352953770705957,-0.0330153478528688,0.033047253346287796
-0.135335264059121,270.0,90.0,2.5,394.0,310.0,335.0,407.0,0.1199914186680074,0.1528280918944362,-0.135335264059121,0.0770202495452131,0.03466785102950629
-0.1357516792197229,120.0,80.0,2.25,229.0,129.0,150.0,236.0,-0.0599895777902707,-0.1357516792197229,0.047506180338112,0.0231905990429143,0.1668678888658885
-0.1359262170972011,290.0,95.0,2.25,461.0,389.0,412.0,465.0,0.1289522895528134,0.1859016234447767,-0.1359262170972011,0.0411277650342956,0.08255716592733721
-0.1359398106549787,190.0,80.0,2.5,361.0,279.0,298.0,381.0,0.0591631684637084,0.1427720692277237,-0.1359398106549787,-0.0006478491870105,0.13257477413355928
-0.1362385299913427,250.0,60.0,2.25,819.0,722.0,754.0,802.0,0.0560435209764118,0.1582283005803832,-0.1362385299913427,-0.0281760405533821,0.03644319911480787
-0.1364630740518816,260.0,85.0,2.0,634.0,558.0,572.0,625.0,0.0236968042200409,0.1397019282900826,-0.1364630740518816,0.0570360573663828,0.041424187335748826
-0.1365843684123419,270.0,95.0,2.0,550.0,470.0,479.0,539.0,0.0886693276014182,0.1745150667038148,-0.1365843684123419,0.0645222607820444,0.06073517945230955
-0.1367654064626061,250.0,95.0,2.0,525.0,442.0,464.0,517.0,0.0932483437020925,0.1794602713031476,-0.1367654064626061,0.0624087972816001,0.07653258076539204
-0.137423585922598,270.0,65.0,2.5,623.0,538.0,584.0,633.0,0.0785515452920507,0.1209848794036518,-0.137423585922598,-0.0166676146381264,0.05127004932272355
-0.1375623920964447,220.0,80.0,2.25,504.0,429.0,458.0,515.0,0.0476800990031874,0.0723932303077984,-0.1375623920964447,0.0307389916325095,0.08865068622973746
-0.1375954920708003,290.0,95.0,2.0,570.0,494.0,512.0,568.0,0.1013659629788858,0.1624880406039495,-0.1375954920708003,0.0625694483606593,0.03269967752562105
-0.1378961885315489,270.0,65.0,2.25,763.0,675.0,702.0,744.0,0.0691803972571995,0.1066536007010836,-0.1378961885315489,-0.0160899067294374,0.042026525980679685
-0.1379495239964066,240.0,60.0,2.25,802.0,714.0,743.0,795.0,0.0539647376629016,0.1635346945169206,-0.1379495239964066,-0.035286517478869,0.033123344133699155
-0.1379841816472594,280.0,85.0,2.0,659.0,594.0,591.0,647.0,0.0232429421065052,0.1486960315946731,-0.1379841816472594,0.0660049174633596,0.029569960131022678
-0.1382202418044315,210.0,90.0,2.75,264.0,172.0,199.0,261.0,0.1066993812086265,0.1812543381442773,-0.1382202418044315,0.1029030916682066,0.13465552056628224
-0.1398039892745145,110.0,55.0,2.5,448.0,354.0,359.0,419.0,0.0458124590650122,0.2659422890660339,-0.0229657260556311,-0.1398039892745145,0.06423400901022322
-0.1399913603327326,230.0,95.0,2.0,495.0,422.0,433.0,488.0,0.1102945600054649,0.1871031139022276,-0.1399913603327326,0.052114241881843,0.08496731025801167
-0.1408532589434788,240.0,85.0,2.0,613.0,537.0,550.0,606.0,0.0256580104846789,0.1257477739563478,-0.1408532589434788,0.0549762814274613,0.059316865705658854
-0.1410087706054526,290.0,65.0,2.5,647.0,565.0,602.0,659.0,0.078959349797237,0.1324179431954501,-0.1410087706054526,0.0052062847499164,0.03684722786548098
-0.1411795140821805,240.0,75.0,2.5,491.0,414.0,447.0,499.0,0.062463333747492,0.1307431309486675,-0.1411795140821805,0.0198499260825087,0.07450112055225958
-0.142496002199375,210.0,75.0,2.25,545.0,469.0,508.0,561.0,0.0630073911135536,0.1073119802600917,-0.142496002199375,-0.0094096177002389,0.08155601319069537
-0.1427656586151245,230.0,85.0,2.5,392.0,308.0,326.0,403.0,0.0581810674922186,0.1171894488302664,-0.1427656586151245,0.0405019514889026,0.10265999596093828
-0.1433957720708625,250.0,80.0,2.25,544.0,468.0,505.0,558.0,0.0655127685442104,0.0691528790987841,-0.1433957720708625,0.0342329586990503,0.050955078020640455
-0.1437255087114964,250.0,85.0,2.5,416.0,330.0,357.0,421.0,0.0621398907177525,0.1195047128623997,-0.1437255087114964,0.0504185614590976,0.07008032874891787
-0.1458457334587736,260.0,95.0,2.5,358.0,275.0,295.0,359.0,0.1120725197547876,0.1327630281958998,-0.1458457334587736,0.0725490939567248,0.08155580563039709
-0.1459035987150008,260.0,95.0,2.0,538.0,454.0,474.0,530.0,0.0862577608039692,0.1794645476495094,-0.1459035987150008,0.059392034908048,0.0578529471016786
-0.1460542735058519,280.0,80.0,2.25,580.0,509.0,529.0,589.0,0.0618401909004857,0.107638994319311,-0.1460542735058519,0.0607075202615732,0.013649394564013416
-0.1462261893693881,280.0,95.0,2.0,557.0,486.0,492.0,559.0,0.0919149256889459,0.1735218486379199,-0.1462261893693881,0.0587458030773982,0.0488080484760186
-0.1462441588246292,200.0,75.0,2.75,349.0,268.0,282.0,357.0,0.0346404700478146,0.1681834263736853,-0.1462441588246292,0.0050618715706258,0.1507878017070049
-0.1484613173105256,220.0,80.0,2.75,346.0,260.0,277.0,348.0,0.0782230065754701,0.1659415829496219,-0.1484613173105256,0.0630009162299022,0.15590243089584138
-0.1486765013826376,250.0,75.0,2.5,507.0,428.0,457.0,513.0,0.0691160161498981,0.1377082816002094,-0.1486765013826376,0.0227806700069464,0.06500143851803045
-0.1488644453609272,260.0,60.0,2.25,829.0,728.0,768.0,806.0,0.0641377624184171,0.1529589035494931,-0.1488644453609272,-0.023891560039452,0.03540290044353602
-0.1493539819360401,240.0,95.0,2.0,508.0,434.0,449.0,497.0,0.0986663647834453,0.1763906346949381,-0.1493539819360401,0.0534647303080867,0.0786321323661188
-0.1500264963705806,260.0,80.0,2.25,560.0,477.0,514.0,565.0,0.0596788068461158,0.0930709304040302,-0.1500264963705806,0.0397549773058627,0.03727578710155531
-0.1509416086742258,270.0,60.0,2.25,844.0,737.0,775.0,820.0,0.0613974098910353,0.1416272093407701,-0.1509416086742258,-0.0187065017166529,0.030316675139099976
-0.1511460221051025,270.0,85.0,2.75,372.0,269.0,306.0,361.0,0.0951227505657623,0.0965688016145447,-0.1511460221051025,0.0822232129551229,0.041679659796278565
-0.1514962244906406,290.0,80.0,2.25,595.0,515.0,540.0,596.0,0.0645770100175745,0.1047315101235383,-0.1514962244906406,0.0670142921047145,0.014271298166113628
-0.1529949087660094,280.0,60.0,2.25,856.0,750.0,789.0,837.0,0.0616244099205156,0.1419000687589952,-0.1529949087660094,-0.0106062321686229,0.019806650671159397
-0.1542516737013334,290.0,60.0,2.25,867.0,755.0,796.0,847.0,0.0604450977807808,0.140605979470918,-0.1542516737013334,-0.0063708416465458,0.018715454738270236
-0.1548063232215052,260.0,75.0,2.5,513.0,436.0,466.0,521.0,0.0651865147952244,0.1533530387117026,-0.1548063232215052,0.0281765338665757,0.052322048406644235
-0.154952726921664,230.0,80.0,2.75,360.0,270.0,288.0,367.0,0.0882125848079067,0.1413677597391852,-0.154952726921664,0.06782175286138,0.13341397006960784
-0.1559385679943523,220.0,80.0,2.5,402.0,333.0,356.0,429.0,0.0617241952319802,0.1554563876780615,-0.1559385679943523,0.0423948617733791,0.10929124303506357
-0.1563880200339739,220.0,75.0,2.25,559.0,486.0,525.0,572.0,0.0645612824827111,0.1077145465294912,-0.1563880200339739,-0.000687039173062,0.07514790149033565
-0.1567945913614642,190.0,90.0,2.75,231.0,141.0,172.0,223.0,0.118867609725209,0.1579455143931081,-0.1567945913614642,0.1017623908395399,0.15715844893895947
-0.1569068651679893,100.0,55.0,2.5,391.0,285.0,303.0,349.0,0.047397673959149,0.2740996966730727,-0.0034348911239108,-0.1569068651679893,0.08194291852537287
-0.1569124600146522,230.0,80.0,2.25,520.0,444.0,476.0,535.0,0.0677621275539357,0.0613426116949913,-0.1569124600146522,0.0357432909607203,0.0752051953162755
-0.1577462771486422,270.0,95.0,2.5,371.0,282.0,302.0,367.0,0.109565371995791,0.1391471548740157,-0.1577462771486422,0.0779998241451279,0.06221858733169636
-0.1590569597044297,240.0,80.0,2.25,533.0,460.0,489.0,540.0,0.0643129535196422,0.0634487906152928,-0.1590569597044297,0.0295286351848902,0.05967850956322002
-0.1594171252413491,260.0,85.0,2.5,425.0,345.0,371.0,431.0,0.0565933251676738,0.13740406463309,-0.1594171252413491,0.0584202137117347,0.05110426960945737
-0.1594865063572142,270.0,80.0,2.25,566.0,490.0,516.0,572.0,0.0574124506835204,0.1010325273010667,-0.1594865063572142,0.0518503482023666,0.026556889178653394
-0.1609652389539444,270.0,75.0,2.5,521.0,446.0,474.0,525.0,0.0570017671935113,0.1529508871345546,-0.1609652389539444,0.0363509170283842,0.049497050369277845
-0.1631404111919293,250.0,75.0,2.25,603.0,526.0,565.0,608.0,0.0785928968171243,0.0915464680767711,-0.1631404111919293,0.0007400987749216,0.056364441447535676
-0.1644429139998788,250.0,95.0,2.75,288.0,191.0,231.0,293.0,0.0784790590080495,0.0901108121105684,-0.1644429139998788,0.1512450573043225,0.10390148229449565
-0.1654079347244966,270.0,85.0,2.5,431.0,351.0,377.0,439.0,0.0533055167440309,0.141939543610523,-0.1654079347244966,0.0618109039795438,0.04961998297774524
-0.1654531115379232,230.0,75.0,2.25,575.0,501.0,534.0,584.0,0.0812155167253658,0.0985321349245174,-0.1654531115379232,0.000255030564308,0.07401757852825616
-0.1661137759418596,280.0,75.0,2.5,531.0,464.0,478.0,542.0,0.0617443098617077,0.1544717031315819,-0.1661137759418596,0.0425889996060701,0.02988624498234808
-0.1661195977405581,280.0,85.0,2.5,443.0,365.0,384.0,457.0,0.0471806394909229,0.141706968132382,-0.1661195977405581,0.0622513497897678,0.031530305624118085
-0.1664754775728681,260.0,95.0,2.75,301.0,204.0,242.0,303.0,0.070313859260198,0.1140497102191918,-0.1664754775728681,0.1408460999618435,0.05425163525983609
-0.1675533535675045,240.0,75.0,2.25,590.0,518.0,551.0,594.0,0.0799724246489305,0.0904584059963523,-0.1675533535675045,-0.0030827598494914,0.06066268035610291
-0.1691656936080486,280.0,75.0,2.25,633.0,566.0,584.0,639.0,0.0709709932589225,0.1140687364066598,-0.1691656936080486,0.0292146247607134,0.020234561636922246
-0.1702260467632245,260.0,75.0,2.25,612.0,534.0,572.0,616.0,0.0715501001601644,0.1013382699743166,-0.1702260467632245,0.0073883280006981,0.04769969236100024
-0.1707284038819224,290.0,75.0,2.25,645.0,575.0,594.0,652.0,0.0679055137152961,0.1114680910406646,-0.1707284038819224,0.0357398292365851,0.0153198848858194
-0.1709258663524075,140.0,80.0,2.25,316.0,218.0,241.0,345.0,-0.055567473681556,-0.1709258663524075,-0.0120717688570101,-0.0030763419801524,0.18210534188664235
-0.1714565685417737,290.0,90.0,2.5,413.0,336.0,359.0,437.0,0.1089757496531349,0.1481568390022967,-0.1714565685417737,0.0940915431076472,0.022788893738145445
-0.1719327255889798,240.0,80.0,2.75,367.0,278.0,301.0,370.0,0.0852340901691636,0.1295013716468296,-0.1719327255889798,0.0695859331026762,0.10818756582474276
-0.1728050490800687,220.0,90.0,2.75,283.0,187.0,217.0,276.0,0.1140912680596667,0.1740682090181134,-0.1728050490800687,0.1154186326346896,0.1384088016867019
-0.1745738936419079,270.0,75.0,2.25,624.0,551.0,576.0,620.0,0.0693943805472483,0.1088755512136695,-0.1745738936419079,0.0178329269205126,0.03777211526524277
-0.1764803313522419,280.0,85.0,2.75,378.0,280.0,311.0,377.0,0.0919156797543036,0.0859624276643294,-0.1764803313522419,0.0855725458291747,0.026261716536732056
-0.1798546092067198,210.0,75.0,2.75,359.0,278.0,296.0,376.0,0.0457480522262039,0.1814665196803388,-0.1798546092067198,0.0050838306951651,0.13518199708763926
-0.1799065127996537,280.0,95.0,2.5,383.0,294.0,308.0,382.0,0.1128814583899791,0.1325795868797502,-0.1799065127996537,0.0842701854538515,0.03514800085547159
-0.1812117413019707,130.0,80.0,2.25,277.0,180.0,197.0,284.0,-0.011614276186176,-0.1812117413019707,0.0238880476643681,0.0109800879013508,0.16051048440823543
-0.1833118345804787,240.0,80.0,2.5,437.0,362.0,385.0,446.0,0.0810343687590244,0.1277906464836646,-0.1833118345804787,0.0451230016949895,0.08582847954296342
-0.1852252795848576,190.0,75.0,2.75,332.0,246.0,267.0,341.0,0.0389631172849419,0.1604769053946989,-0.1852252795848576,0.0033044571183842,0.14124682659954946
-0.1865971192283791,250.0,80.0,2.5,447.0,371.0,399.0,462.0,0.088793801624503,0.1365747498055548,-0.1865971192283791,0.0445406002556422,0.07521693851263854
-0.1878539420098159,290.0,75.0,2.5,543.0,473.0,486.0,555.0,0.0597252631443012,0.1526488185673363,-0.1878539420098159,0.0496568726404635,0.029560829421433697
-0.1881691371972573,110.0,95.0,2.5,76.0,35.0,32.0,84.0,0.1086125862061483,-0.1881691371972573,0.2962784314114293,0.0600755277483478,0.0816239334079222
-0.189501253428911,230.0,80.0,2.5,429.0,346.0,367.0,443.0,0.0821223533732065,0.1342745842051448,-0.189501253428911,0.0428608291121324,0.10217348858195402
-0.1911310487281455,230.0,90.0,2.75,302.0,195.0,226.0,299.0,0.0986151109196376,0.1331249734720943,-0.1911310487281455,0.1116229088215121,0.12504586360332282
-0.1937911882258129,290.0,85.0,2.5,457.0,374.0,396.0,471.0,0.0459813879250428,0.1443414016501865,-0.1937911882258129,0.0736834683465737,0.03235210257255545
-0.1946352516634691,130.0,95.0,2.75,92.0,49.0,42.0,87.0,0.1524151420590845,-0.1946352516634691,0.198244531026506,0.0358518402709074,0.09604095789308224
-0.1957982770908675,280.0,80.0,2.75,411.0,316.0,343.0,414.0,0.0911366373546775,0.1281178225340665,-0.1957982770908675,0.0831087369491088,0.06380002084012226
-0.1959148688660014,290.0,85.0,2.75,386.0,288.0,324.0,391.0,0.0907399755306,0.0815777709004319,-0.1959148688660014,0.0965694570573375,0.03137249628945528
-0.1960332886167619,240.0,90.0,2.75,311.0,206.0,244.0,303.0,0.0974262306835947,0.1312228246297891,-0.1960332886167619,0.1210207165638751,0.08674182843181023
-0.1991510508305167,260.0,80.0,2.5,454.0,387.0,414.0,472.0,0.078756895565768,0.1558488762732925,-0.1991510508305167,0.0493272369068487,0.054857920519407896
-0.2006304088595545,260.0,80.0,2.75,391.0,301.0,328.0,389.0,0.0848893561513796,0.1514903684801541,-0.2006304088595545,0.0792343295846363,0.08629671136078441
-0.2009276104597256,270.0,95.0,2.75,311.0,209.0,253.0,308.0,0.0711578098372934,0.1065867380264513,-0.2009276104597256,0.1372270522586614,0.056941225132312576
-0.2011596455478307,270.0,80.0,2.75,401.0,303.0,336.0,398.0,0.0839683877763338,0.129161392022611,-0.2011596455478307,0.082317396822026,0.07717733208466547
-0.2092464452866706,270.0,80.0,2.5,463.0,394.0,420.0,477.0,0.0755406106603333,0.1478178001661501,-0.2092464452866706,0.0533611244633174,0.05297027480274127
-0.212473606281212,280.0,80.0,2.5,477.0,409.0,427.0,494.0,0.0740412500264083,0.1479226928441826,-0.212473606281212,0.0512784419561012,0.032642611631549995
-0.2125663230342628,120.0,95.0,2.5,95.0,41.0,38.0,96.0,0.0827283374170967,-0.2125663230342628,0.1595676407147503,0.0393938185574427,0.09599357208385659
-0.2133837210031825,290.0,95.0,2.5,391.0,310.0,322.0,396.0,0.1077061733669033,0.1296969166293949,-0.2133837210031825,0.0935634812558237,0.04157060042163227
-0.2140841377756953,290.0,80.0,2.75,423.0,324.0,356.0,431.0,0.0913488562021443,0.1198308083220421,-0.2140841377756953,0.0957949840868701,0.06410727202799132
-0.2143441865150547,250.0,80.0,2.75,379.0,291.0,313.0,380.0,0.0948716716535824,0.1299111686055654,-0.2143441865150547,0.0707071706759962,0.09880428706405148
-0.22042709095902,260.0,90.0,2.75,333.0,228.0,265.0,321.0,0.1048466251935198,0.1413186404204145,-0.22042709095902,0.1126067375538183,0.027177022197479944
-0.228201251141459,280.0,95.0,2.75,321.0,220.0,258.0,321.0,0.0700992930465168,0.1059487867402384,-0.228201251141459,0.1384583209234704,0.011824898132956806
-0.2324486396978108,220.0,75.0,2.75,374.0,292.0,313.0,387.0,0.0566619672518307,0.1782980048020713,-0.2324486396978108,0.0144393742569568,0.14887515296685705
-0.2344211229423444,290.0,80.0,2.5,490.0,418.0,439.0,509.0,0.0699182022844862,0.150062363901093,-0.2344211229423444,0.0625711754090995,0.03566090750517826
-0.2378555192127677,230.0,75.0,2.75,390.0,303.0,327.0,405.0,0.0705417118385724,0.1578538469758384,-0.2378555192127677,0.0211281703638549,0.1171552454665811
-0.2381120990419565,270.0,90.0,2.75,347.0,229.0,276.0,330.0,0.0988431127200431,0.1210436937343491,-0.2381120990419565,0.1083296454167606,0.0219089134355806
-0.2515409685103159,240.0,75.0,2.75,400.0,315.0,342.0,409.0,0.0693881458071265,0.1582711792637745,-0.2515409685103159,0.0245911760369132,0.0951793234455076
-0.2521906264240385,110.0,95.0,2.75,59.0,30.0,24.0,65.0,0.1115321291312605,-0.2521906264240385,0.3130321100377353,0.0847526475698667,0.10627057231409794
-0.2543534982286959,250.0,90.0,2.75,321.0,214.0,253.0,312.0,0.1135372870208348,0.1342776063646409,-0.2543534982286959,0.1234837958481011,0.055464525628836366
-0.2550086539701796,290.0,95.0,2.75,330.0,227.0,265.0,337.0,0.067212686989032,0.1257384037570466,-0.2550086539701796,0.1433237067785821,0.032795741239860815
-0.2586101560661806,120.0,95.0,2.75,75.0,36.0,29.0,76.0,0.1035546867184268,-0.2586101560661806,0.123874551861713,0.080542814199819,0.04377355540864196
-0.2617287767358962,280.0,90.0,2.75,356.0,238.0,281.0,346.0,0.0981632494894727,0.1113719817061921,-0.2617287767358962,0.1118668069776848,0.00852898876388434
-0.2639047638087777,270.0,75.0,2.75,433.0,343.0,378.0,435.0,0.0711584781425047,0.1673558799170845,-0.2639047638087777,0.0311446800576556,0.04212880814985125
-0.2639400120907363,280.0,75.0,2.75,444.0,363.0,387.0,449.0,0.085103413550793,0.171766809705578,-0.2639400120907363,0.0271141543850848,0.041358798443948366
-0.2706227085014386,260.0,75.0,2.75,424.0,339.0,367.0,431.0,0.0756419270908074,0.1781197907728754,-0.2706227085014386,0.0319087418727321,0.04418076119644979
-0.2781466862866384,250.0,75.0,2.75,413.0,329.0,354.0,418.0,0.0821780465632469,0.1595822391480371,-0.2781466862866384,0.0254993038249497,0.07393235415949681
-0.2791642129490791,290.0,90.0,2.75,363.0,248.0,292.0,359.0,0.0937290757899056,0.1149383527894372,-0.2791642129490791,0.1207540446548747,0.013653987411080737
-0.2818634042244359,290.0,75.0,2.75,453.0,366.0,401.0,464.0,0.0862580636566168,0.1676333723282931,-0.2818634042244359,0.0383421253796903,0.029172545819999573
